AST_PER_GAME,BLK_PER_GAME,CONF_RANKS,CONTINENT,DRAFT_PICK,DRAFT_ROUND,DREB_PER_GAME,FG3A_PER_GAME,FG3M_PER_GAME,FGA_PER_GAME,FGM_PER_GAME,FROM_TANKING,FTA_PER_GAME,FTM_PER_GAME,GP,GS,HEIGHT,MIN,NEW_TEAM,OREB_PER_GAME,PF_PER_GAME,PLAYER,PLAYER_AGE,POSITION,PTS_PER_GAME,REB_PER_GAME,STL_PER_GAME,TEAM_ID,TOV_PER_GAME,TO_TANKING,WEIGHT,YEARS_IN_LEAGUE
4.622,0.689,2,1,3,1,7.716,9.27,3.243,21.068,9.824,0,8.405,7.176,74,74,203.2,2732,0,1.054,2.162,Jayson Tatum,24,2,30.068,8.77,1.054,1610612738,2.878,0,210,6
4.152,1.697,3,3,3,1,8.439,3.03,1.0,20.121,11.03,0,11.682,10.015,66,66,213.4,2284,0,1.712,3.106,Joel Embiid,28,4,33.076,10.152,1.0,1610612755,3.424,0,280,7
8.015,0.5,11,2,3,1,7.803,8.197,2.803,21.955,10.894,0,10.515,7.803,66,66,200.7,2391,0,0.818,2.515,Luka Doncic,23,2,32.394,8.621,1.364,1610612742,3.576,0,230,5
5.456,0.956,10,1,11,1,3.971,2.471,0.853,20.309,10.353,0,10.868,9.838,68,60,198.1,2416,0,0.868,2.824,Shai Gilgeous-Alexander,24,1,31.397,4.838,1.647,1610612760,2.824,0,195,5
5.698,0.81,1,2,15,1,9.603,2.714,0.746,20.286,11.222,0,12.254,7.905,63,18,213.4,2024,0,2.175,3.127,Giannis Antetokounmpo,28,3,31.095,11.778,0.825,1610612749,3.905,0,243,10
4.43,0.734,8,1,1,1,5.203,7.316,2.696,19.506,8.949,0,5.342,4.038,79,79,193.0,2841,0,0.595,2.354,Anthony Edwards,21,1,24.633,5.797,1.582,1610612750,3.278,0,225,0
4.104,0.273,5,1,7,1,8.13,8.26,2.831,18.597,8.545,0,6.896,5.221,77,0,203.2,2737,0,1.831,3.026,Julius Randle,28,4,25.143,9.961,0.636,1610612752,2.805,0,250,9
4.426,0.397,4,1,13,1,3.324,9.338,3.603,20.618,9.985,0,5.412,4.691,68,61,185.4,2432,1,0.926,2.471,Donovan Mitchell,26,1,28.265,4.25,1.456,1610612739,2.647,0,215,6
10.151,0.123,7,1,5,1,2.205,6.301,2.11,19.041,8.178,0,8.753,7.753,73,73,185.4,2541,0,0.767,1.425,Trae Young,24,1,26.219,2.973,1.096,1610612737,4.11,0,164,5
4.247,0.234,10,1,13,1,3.935,7.065,2.649,18.026,8.74,0,5.558,4.714,77,39,195.6,2768,0,0.545,2.065,Zach LaVine,27,2,24.844,4.481,0.896,1610612741,2.519,0,200,9
7.328,0.31,13,1,6,1,4.017,11.345,4.207,20.724,9.586,0,9.621,8.793,58,58,188.0,2107,0,0.759,1.879,Damian Lillard,32,1,32.172,4.776,0.862,1610612757,3.293,0,195,11
6.123,0.315,3,1,5,1,3.644,5.027,1.63,18.233,9.342,0,6.027,4.699,73,61,190.5,2435,0,0.548,2.356,De'Aaron Fox,24,1,25.014,4.192,1.137,1610612758,2.479,0,185,6
5.095,0.486,10,1,9,1,4.176,1.919,0.622,17.608,8.878,0,7.068,6.162,74,62,198.1,2682,0,0.459,2.514,DeMar DeRozan,33,2,24.541,4.635,1.122,1610612741,2.068,0,220,14
3.463,0.388,2,1,3,1,5.687,7.269,2.433,20.642,10.134,0,5.134,3.925,67,17,198.1,2405,0,1.164,2.567,Jaylen Brown,26,2,26.627,6.851,1.119,1610612738,2.94,0,223,7
5.845,0.507,9,3,27,1,5.986,4.042,1.31,18.493,8.873,0,6.676,5.169,71,49,203.2,2652,0,1.845,3.211,Pascal Siakam,28,3,24.225,7.831,0.915,1610612761,2.38,0,230,7
1.864,0.576,12,2,7,1,6.667,7.742,3.03,17.348,8.652,0,6.045,5.288,66,66,213.4,2272,1,1.97,2.076,Lauri Markkanen,25,4,25.621,8.636,0.636,1610612762,1.924,0,240,6
9.826,0.681,1,2,41,2,9.42,2.159,0.826,14.812,9.362,0,6.014,4.942,69,47,210.8,2323,0,2.42,2.522,Nikola Jokic,27,5,24.493,11.841,1.261,1610612743,3.58,0,284,8
3.697,0.237,14,1,2,1,3.171,7.289,2.461,17.882,7.447,0,6.092,4.789,76,76,193.0,2602,0,0.566,1.724,Jalen Green,21,1,22.145,3.737,0.776,1610612745,2.632,0,186,0
4.5,0.256,6,1,28,1,2.354,7.768,2.61,15.585,6.707,0,5.061,4.402,82,20,193.0,2458,0,0.39,2.61,Jordan Poole,23,1,20.427,2.744,0.768,1610612744,3.073,1,194,4
3.289,0.735,6,1,10,1,3.434,5.325,2.036,15.265,7.145,0,4.253,3.807,83,56,198.1,2963,1,0.952,1.916,Mikal Bridges,26,3,20.133,4.386,1.096,1610612751,1.53,0,209,5
6.286,0.357,6,1,7,1,5.393,11.411,4.875,20.232,9.982,0,5.018,4.589,56,53,188.0,1941,0,0.696,2.089,Stephen Curry,34,1,29.429,6.089,0.929,1610612744,3.196,0,185,14
6.191,0.221,5,1,33,2,2.956,4.735,1.971,17.574,8.632,0,5.765,4.779,68,35,188.0,2379,1,0.588,2.235,Jalen Brunson,26,1,24.015,3.544,0.897,1610612752,2.088,0,190,5
5.517,0.75,11,4,1,1,4.083,8.267,3.133,20.05,9.9,0,4.55,4.117,60,60,188.0,2241,1,0.983,2.75,Kyrie Irving,30,1,27.05,5.067,1.1,1610612742,2.133,0,195,12
8.082,0.262,2,1,2,1,4.852,4.918,1.508,19.902,9.279,0,8.148,6.098,61,61,188.0,1948,0,1.0,1.639,Ja Morant,23,1,26.164,5.852,1.082,1610612763,3.377,0,174,4
6.818,0.582,7,1,1,1,7.127,6.855,2.2,22.164,11.073,0,5.945,4.564,55,55,205.7,1954,0,1.182,1.6,LeBron James,37,3,28.909,8.309,0.909,1610612747,3.236,0,250,20
5.72,0.507,9,1,10,1,3.64,7.24,2.813,17.92,7.827,0,3.173,2.44,75,0,190.5,2649,0,0.733,2.04,CJ McCollum,31,1,20.907,4.373,0.933,1610612740,2.44,0,190,10
3.2,0.813,8,1,14,1,6.72,0.16,0.013,14.853,8.027,0,5.36,4.32,75,20,205.7,2598,0,2.453,2.773,Bam Adebayo,25,4,20.387,9.173,1.173,1610612748,2.493,0,255,6
6.054,0.257,7,1,29,1,4.541,5.23,1.797,17.824,8.27,0,2.568,2.135,74,15,195.6,2693,1,0.716,1.432,Dejounte Murray,26,1,20.473,5.257,1.514,1610612737,2.162,0,180,6
7.253,0.494,3,2,11,1,9.139,1.051,0.392,11.873,7.304,0,5.544,4.114,79,64,215.9,2736,0,3.177,3.532,Domantas Sabonis,26,4,19.114,12.316,0.823,1610612758,2.911,0,240,7
2.362,0.42,6,1,11,1,3.58,10.594,4.362,18.145,7.913,0,1.913,1.681,69,30,198.1,2279,0,0.565,1.884,Klay Thompson,32,1,21.87,4.145,0.71,1610612744,1.783,0,220,10
2.677,1.538,12,2,4,1,6.646,5.477,2.108,15.662,7.8,0,6.4,5.446,65,65,221.0,2120,0,1.754,3.015,Kristaps Porzingis,27,4,23.154,8.4,0.892,1610612764,2.108,0,240,7
7.797,0.13,4,1,5,1,2.275,5.971,2.449,16.362,7.565,0,4.652,4.014,69,69,185.4,2447,0,0.406,2.145,Darius Garland,22,1,21.594,2.681,1.232,1610612739,2.884,0,192,4
3.538,0.212,13,2,8,1,3.238,4.5,1.625,13.975,6.775,0,4.025,3.388,80,80,208.3,2609,0,0.875,2.288,Franz Wagner,21,3,18.562,4.112,0.962,1610612753,2.088,0,220,0
5.528,0.34,4,1,13,1,3.66,5.962,2.094,20.132,9.943,0,6.755,5.774,53,35,195.6,1835,0,0.868,3.0,Devin Booker,26,1,27.755,4.528,0.962,1610612756,2.736,0,206,8
5.312,0.328,8,1,30,1,3.656,1.609,0.562,13.875,7.484,0,8.672,7.375,64,0,200.7,2138,0,2.203,1.25,Jimmy Butler,33,3,22.906,5.859,1.828,1610612748,1.578,0,230,12
2.643,2.036,7,1,1,1,9.054,1.321,0.339,17.179,9.679,0,7.929,6.214,56,52,208.3,1905,0,3.482,2.607,Anthony Davis,29,4,25.911,12.536,1.054,1610612747,2.179,0,253,11
3.232,0.695,10,2,16,1,9.073,4.232,1.476,14.0,7.28,0,1.927,1.61,82,24,208.3,2746,0,1.939,2.183,Nikola Vucevic,32,5,17.646,11.012,0.732,1610612741,1.695,0,260,12
3.736,0.542,13,1,1,1,5.736,3.958,1.181,15.583,6.653,0,7.417,5.472,72,72,208.3,2430,0,1.167,2.222,Paolo Banchero,20,3,19.958,6.903,0.833,1610612753,2.778,0,250,0
2.753,0.205,5,1,3,1,4.219,5.342,1.658,16.11,6.986,0,5.37,3.973,73,71,198.1,2476,0,0.822,2.452,RJ Barrett,22,2,19.603,5.041,0.425,1610612752,2.247,0,214,4
2.905,0.175,15,1,29,1,4.159,6.46,2.127,17.667,7.984,0,5.19,3.889,63,3,195.6,2063,0,0.889,1.984,Keldon Johnson,23,2,21.984,5.048,0.73,1610612759,2.127,0,220,4
6.519,0.304,6,1,38,2,3.063,6.203,2.291,13.291,5.823,0,4.177,3.392,79,2,195.6,2725,1,0.354,2.367,Spencer Dinwiddie,29,1,17.329,3.418,0.848,1610612751,1.835,0,215,9
5.0,1.426,4,1,2,1,6.298,4.894,1.979,18.34,10.277,0,7.106,6.532,47,47,208.3,1672,1,0.362,2.106,Kevin Durant,34,3,29.064,6.66,0.723,1610612756,3.319,0,240,15
3.734,0.453,12,1,27,1,6.375,7.516,2.5,17.844,8.0,0,3.703,2.703,64,30,205.7,2239,0,0.859,2.266,Kyle Kuzma,27,3,21.203,7.234,0.562,1610612764,2.969,0,221,6
4.179,0.239,8,1,13,1,4.97,8.015,3.03,16.552,7.269,0,2.716,2.537,67,9,195.6,2335,0,0.403,1.507,Tyler Herro,22,1,20.104,5.373,0.761,1610612748,2.358,0,195,4
2.812,0.325,11,1,6,1,4.162,8.462,3.6,12.975,5.938,0,1.612,1.325,80,51,193.0,2482,0,0.838,1.95,Buddy Hield,29,1,16.8,5.0,1.15,1610612754,1.738,0,220,7
7.174,0.551,9,1,-1,-1,3.623,8.783,3.0,16.116,6.333,0,4.101,3.681,69,0,182.9,2535,0,0.435,2.797,Fred VanVleet,28,1,19.348,4.058,1.783,1610612761,2.029,0,197,7
5.143,0.357,5,1,10,1,5.304,7.607,2.821,17.929,8.196,0,5.25,4.571,56,17,203.2,1939,0,0.804,2.839,Paul George,32,3,23.786,6.107,1.482,1610612746,3.143,0,220,13
5.063,0.254,14,1,16,1,3.302,8.016,2.619,18.857,7.825,0,3.492,2.825,63,0,185.4,2221,0,0.81,1.889,Terry Rozier,28,1,21.095,4.111,1.175,1610612766,2.127,0,190,8
4.081,0.226,13,1,24,1,2.306,9.065,3.419,16.855,7.532,0,2.887,2.581,62,3,190.5,2171,0,0.29,2.29,Anfernee Simons,23,1,21.065,2.597,0.677,1610612757,2.065,0,181,5
1.487,0.167,11,1,6,1,2.962,3.974,1.282,12.192,5.295,0,5.821,4.821,78,78,195.6,2222,0,1.115,2.077,Bennedict Mathurin,21,2,16.692,4.077,0.615,1610612754,1.949,0,210,0
6.154,0.246,1,1,7,1,3.215,6.646,2.646,16.015,7.277,0,3.323,2.769,65,7,193.0,2133,0,0.738,1.585,Jamal Murray,25,1,19.969,3.954,1.015,1610612743,2.231,0,215,6
2.381,0.841,13,1,39,2,3.651,5.698,2.286,14.492,6.889,0,5.429,4.413,63,10,203.2,2246,1,0.841,2.413,Jerami Grant,28,3,20.476,4.492,0.81,1610612757,1.841,0,210,9
7.388,0.373,1,1,17,1,3.91,6.134,2.358,15.269,7.313,0,2.642,2.269,67,46,195.6,2183,0,1.179,1.731,Jrue Holiday,32,1,19.254,5.09,1.179,1610612749,2.94,0,205,14
2.835,1.506,4,1,3,1,6.633,1.291,0.278,11.987,6.646,0,3.848,2.595,79,79,210.8,2715,0,2.367,2.759,Evan Mobley,22,5,16.165,9.0,0.759,1610612739,1.848,0,215,0
2.576,0.136,15,2,31,2,3.169,5.983,2.458,14.949,7.288,0,5.136,4.542,59,21,200.7,1893,1,0.61,1.915,Bojan Bogdanovic,33,3,21.576,3.78,0.576,1610612765,2.288,0,226,9
4.426,0.213,12,1,46,2,2.852,7.525,2.541,16.902,7.508,0,4.016,3.279,61,39,195.6,1988,0,1.18,1.967,Jordan Clarkson,30,1,20.836,4.033,0.541,1610612762,3.049,0,194,9
6.155,0.408,7,1,2,1,2.535,6.901,2.732,13.352,6.268,0,3.042,2.521,71,42,193.0,2304,1,0.493,1.972,D'Angelo Russell,26,1,17.789,3.028,0.986,1610612747,2.62,0,193,8
6.171,0.408,10,4,6,1,5.934,3.079,1.0,14.711,7.092,0,1.908,1.395,76,76,203.2,2367,0,1.947,1.882,Josh Giddey,20,1,16.579,7.882,0.75,1610612760,2.776,0,216,0
4.379,0.379,2,1,30,1,4.276,7.017,2.862,16.19,7.759,0,3.534,3.121,58,58,195.6,1841,0,0.741,2.586,Desmond Bane,25,1,21.5,5.017,0.966,1610612763,2.172,0,215,0
1.269,2.474,1,1,10,1,4.654,4.667,1.744,11.526,6.115,0,2.436,1.91,78,71,215.9,2372,0,2.013,2.603,Brook Lopez,34,5,15.885,6.667,0.474,1610612749,1.372,0,282,15
3.923,0.538,5,1,15,1,5.404,4.808,2.0,16.75,8.577,0,5.365,4.673,52,31,200.7,1748,0,1.096,1.615,Kawhi Leonard,31,3,23.827,6.5,1.385,1610612746,1.692,0,225,11
1.561,0.122,3,1,7,1,3.402,4.305,1.61,9.646,4.561,0,5.037,4.268,82,82,203.2,2662,0,1.061,1.256,Harrison Barnes,30,3,15.0,4.463,0.695,1610612758,1.049,0,225,11
3.533,0.133,3,1,21,1,2.55,6.15,2.667,15.217,7.317,0,3.55,3.0,60,60,188.0,2016,0,0.383,2.2,Tyrese Maxey,22,1,20.3,2.933,0.817,1610612755,1.333,0,200,0
10.655,0.534,3,1,3,1,5.414,7.207,2.776,14.517,6.397,0,6.224,5.397,58,0,195.6,2135,0,0.69,1.931,James Harden,33,1,20.966,6.103,1.224,1610612755,3.362,0,220,14
3.444,0.173,5,1,25,1,3.444,5.605,2.074,11.556,5.173,0,3.062,2.506,81,81,188.0,2344,0,0.716,2.049,Immanuel Quickley,24,1,14.926,4.16,0.988,1610612752,1.235,0,190,0
5.23,0.23,15,1,5,1,2.905,4.73,1.622,13.284,5.527,0,4.811,3.595,74,74,193.0,2304,0,0.986,3.27,Jaden Ivey,21,1,16.27,3.892,0.824,1610612765,3.203,0,195,0
1.716,0.791,4,1,1,1,7.388,0.358,0.104,13.239,7.791,0,2.985,2.269,67,66,213.4,2035,0,2.567,2.836,Deandre Ayton,24,5,17.955,9.955,0.552,1610612756,1.791,0,250,5
4.818,0.792,9,1,4,1,4.325,2.909,0.818,13.195,6.013,0,3.195,2.468,77,77,203.2,2678,0,2.325,2.208,Scottie Barnes,21,3,15.312,6.649,1.078,1610612761,2.0,0,225,0
0.952,3.0,2,1,4,1,5.048,4.476,1.587,13.048,6.603,0,4.857,3.825,63,60,208.3,1788,0,1.714,3.603,Jaren Jackson Jr.,23,4,18.619,6.762,1.032,1610612763,1.698,0,242,5
5.42,0.66,12,1,3,1,3.1,4.38,1.6,17.56,8.88,0,4.56,3.84,50,41,193.0,1673,0,0.82,2.14,Bradley Beal,29,1,23.2,3.92,0.9,1610612764,2.9,0,207,11
10.446,0.446,11,1,12,1,3.071,7.179,2.875,15.018,7.357,0,3.589,3.125,56,56,195.6,1883,0,0.589,1.232,Tyrese Haliburton,23,1,20.714,3.661,1.625,1610612754,2.518,0,185,0
7.548,0.452,5,1,4,1,4.575,3.918,1.219,13.575,5.918,0,4.301,2.822,73,57,190.5,2126,1,1.219,2.219,Russell Westbrook,34,1,15.877,5.795,1.041,1610612746,3.493,0,200,15
1.606,0.212,9,1,37,2,2.167,6.818,2.515,14.167,6.136,0,3.106,2.606,66,4,195.6,2118,0,0.455,1.545,Gary Trent Jr.,23,2,17.394,2.621,1.576,1610612761,0.833,0,209,5
1.418,0.544,9,1,17,1,2.81,6.291,2.557,10.127,4.899,0,2.405,2.177,79,79,203.2,2448,0,0.747,1.962,Trey Murphy III,23,3,14.532,3.557,1.127,1610612740,0.772,0,206,0
2.397,1.082,14,1,12,1,3.904,5.863,2.041,13.397,5.945,0,2.384,1.74,73,71,200.7,2380,0,1.0,2.644,P.J. Washington,24,3,15.671,4.904,0.904,1610612766,1.507,0,230,4
2.947,0.32,3,1,19,1,2.787,6.8,2.733,11.547,5.6,0,1.747,1.267,75,59,200.7,2203,1,0.56,2.413,Kevin Huerter,24,2,15.2,3.347,1.067,1610612758,1.293,0,198,5
5.729,0.288,14,1,30,1,4.034,6.525,2.39,14.983,6.627,0,4.475,3.508,59,3,193.0,2024,0,1.288,2.644,Kevin Porter Jr.,22,2,19.153,5.322,1.39,1610612745,3.186,0,203,4
1.955,0.746,9,2,23,1,3.537,5.478,2.119,13.209,6.284,0,2.493,2.09,67,67,200.7,2386,0,1.418,2.985,O.G. Anunoby,25,3,16.776,4.955,1.91,1610612761,1.97,0,232,0
1.772,0.658,9,2,5,1,7.329,1.38,0.481,10.329,5.646,0,2.835,2.342,79,72,210.8,1968,0,2.848,3.101,Jonas Valanciunas,30,5,14.114,10.177,0.253,1610612740,2.013,0,265,11
1.806,1.075,11,1,-1,-1,6.03,4.164,1.567,11.478,5.91,0,4.194,3.239,67,0,205.7,1738,1,1.299,2.522,Christian Wood,27,3,16.627,7.328,0.448,1610612742,1.806,0,214,7
1.435,2.258,11,1,11,1,6.097,4.016,1.5,11.823,6.484,0,4.452,3.484,62,31,210.8,1825,0,1.419,3.468,Myles Turner,26,4,17.952,7.516,0.581,1610612754,1.661,0,250,8
5.822,0.422,9,1,2,1,4.956,3.644,1.422,18.556,8.978,0,6.044,5.333,45,22,203.2,1538,0,0.511,2.578,Brandon Ingram,25,3,24.711,5.467,0.711,1610612740,3.289,0,190,7
2.985,0.75,1,1,4,1,4.147,2.544,0.882,11.191,6.309,0,4.618,2.809,68,11,203.2,2055,0,2.412,1.897,Aaron Gordon,27,3,16.309,6.559,0.794,1610612743,1.441,0,235,9
3.88,0.933,14,5,16,1,5.813,0.76,0.253,10.653,5.893,0,3.84,2.747,75,75,210.8,2171,0,3.227,3.44,Alperen Sengun,20,5,14.787,9.04,0.933,1610612745,2.573,0,243,0
2.514,0.541,3,1,19,1,4.824,4.378,1.703,11.419,5.716,0,1.743,1.527,74,15,200.7,2436,0,0.905,2.014,Tobias Harris,30,3,14.662,5.73,0.919,1610612755,1.203,0,226,12
1.048,0.468,1,1,14,1,4.468,7.323,3.032,13.177,6.419,0,1.935,1.548,62,9,208.3,1798,0,1.032,1.919,Michael Porter Jr.,24,3,17.419,5.5,0.597,1610612743,1.097,0,218,4
1.532,0.169,7,1,19,1,3.429,5.429,1.961,10.857,4.584,0,3.091,2.662,77,77,200.7,2129,1,1.273,1.597,Saddiq Bey,24,3,13.792,4.701,0.909,1610612737,0.922,0,215,0
3.307,0.467,10,1,12,1,3.373,2.733,0.973,10.587,5.52,0,2.547,2.067,75,75,195.6,2276,0,1.12,2.547,Jalen Williams,22,2,14.08,4.493,1.373,1610612760,1.64,0,211,0
2.589,0.219,2,1,45,2,2.726,6.014,1.959,13.575,5.37,0,2.11,1.644,73,65,198.1,2214,0,0.616,3.288,Dillon Brooks,26,2,14.342,3.342,0.89,1610612763,1.425,0,225,6
3.87,0.26,3,1,11,1,2.221,5.169,1.857,10.338,4.636,0,2.688,2.39,77,0,190.5,1719,1,0.416,1.623,Malik Monk,24,1,13.519,2.636,0.636,1610612758,1.896,0,200,6
1.5,0.366,14,1,52,2,3.976,2.634,0.829,8.78,5.0,0,2.707,1.841,82,82,200.7,2292,0,1.537,1.793,Kenyon Martin Jr.,22,3,12.671,5.512,0.5,1610612745,1.11,0,215,0
1.403,0.254,7,1,4,1,3.552,4.269,1.493,12.269,5.657,0,3.09,2.552,67,65,203.2,2126,0,0.687,2.97,De'Andre Hunter,25,2,15.358,4.239,0.522,1610612737,1.224,0,221,4
1.531,0.111,7,1,19,1,3.062,8.123,2.901,11.568,4.568,0,0.802,0.617,81,3,193.0,2093,1,0.432,1.321,Malik Beasley,26,1,12.654,3.494,0.802,1610612747,1.111,0,187,7
1.817,0.3,5,1,46,2,2.517,4.783,1.9,11.833,5.667,0,4.617,3.75,60,29,193.0,1567,0,0.4,2.083,Norman Powell,29,1,16.983,2.917,0.833,1610612746,1.683,0,215,8
1.817,0.169,11,1,24,1,3.239,7.746,2.986,11.93,4.789,0,2.324,1.789,71,0,195.6,2152,0,0.296,1.69,Tim Hardaway Jr.,30,2,14.352,3.535,0.69,1610612742,0.845,0,205,10
3.915,0.927,2,1,29,1,2.939,4.768,1.817,9.244,4.268,0,2.341,2.049,82,0,193.0,2319,0,0.634,2.159,Derrick White,28,1,12.402,3.573,0.659,1610612738,1.159,0,190,6
2.081,0.311,10,1,-1,-1,2.919,5.527,1.824,11.797,4.581,0,3.5,2.703,74,57,193.0,2272,0,1.73,3.284,Luguentz Dort,23,1,13.689,4.649,1.014,1610612760,1.243,0,220,4
1.278,0.937,14,1,3,1,5.658,4.949,1.519,11.291,4.608,0,2.608,2.051,79,79,210.8,2451,0,1.544,2.873,Jabari Smith Jr.,20,3,12.785,7.203,0.544,1610612745,1.316,0,220,0
3.701,0.269,2,1,36,2,3.552,4.433,1.97,10.925,5.284,0,2.746,2.388,67,25,193.0,1744,1,0.627,1.627,Malcolm Brogdon,30,1,14.925,4.179,0.672,1610612738,1.463,0,229,7
1.5,0.229,1,1,22,1,7.4,3.671,1.357,11.471,5.686,0,1.786,1.371,70,4,210.8,1818,0,2.2,1.643,Bobby Portis,27,3,14.1,9.6,0.414,1610612749,1.157,0,250,8
1.225,0.525,3,1,4,1,3.525,6.262,2.575,9.775,4.425,0,1.012,0.775,80,80,203.2,2382,0,1.112,2.025,Keegan Murray,22,3,12.2,4.638,0.762,1610612758,0.75,0,225,0
1.125,0.375,14,1,15,1,3.833,7.062,2.25,17.062,7.354,0,4.333,3.292,48,6,198.1,1548,0,1.354,2.938,Kelly Oubre Jr.,27,2,20.25,5.188,1.417,1610612766,1.333,0,203,8
1.662,1.235,4,1,22,1,6.544,0.147,0.015,9.206,5.926,0,3.25,2.382,68,29,205.7,2220,0,3.25,2.25,Jarrett Allen,24,5,14.25,9.794,0.794,1610612739,1.368,0,243,6
1.895,2.487,6,1,31,2,6.816,0.026,0.0,7.724,5.447,0,3.237,1.75,76,76,210.8,2271,0,2.421,2.789,Nic Claxton,24,5,12.645,9.237,0.855,1610612751,1.263,0,215,0
1.873,0.962,8,1,28,1,2.722,3.405,1.354,9.063,4.684,0,1.823,1.342,79,79,205.7,2417,0,1.165,3.443,Jaden McDaniels,22,3,12.063,3.886,0.937,1610612750,1.418,0,185,0
1.243,1.357,8,2,27,1,8.329,0.043,0.0,7.8,5.143,0,4.857,3.129,70,0,215.9,2148,1,3.3,3.0,Rudy Gobert,30,5,13.414,11.629,0.8,1610612750,1.743,0,258,10
1.197,1.028,7,1,19,1,5.423,3.38,0.986,9.958,5.056,0,2.507,2.014,71,24,205.7,2130,0,1.085,3.099,John Collins,25,4,13.113,6.507,0.592,1610612737,1.113,0,226,6
3.35,0.638,1,1,42,2,3.312,3.175,1.138,9.262,4.475,0,1.912,1.45,80,60,193.0,2279,1,0.788,2.375,Bruce Brown,26,2,11.538,4.1,1.088,1610612743,1.538,0,202,5
2.138,0.15,8,1,-1,-1,2.612,7.038,2.462,9.875,4.05,0,1.112,0.975,80,0,195.6,2272,0,0.612,2.075,Max Strus,26,2,11.538,3.225,0.525,1610612748,0.875,0,215,4
3.878,0.324,4,1,20,1,3.095,4.378,1.716,10.027,4.324,0,2.432,1.757,74,33,198.1,2237,0,0.716,2.297,Caris LeVert,28,1,12.122,3.811,0.973,1610612739,1.568,0,205,7
2.736,1.194,9,2,9,1,5.792,0.014,0.0,8.583,5.403,0,2.792,1.653,72,5,215.9,1906,1,3.278,2.708,Jakob Poeltl,27,5,12.458,9.069,0.917,1610612761,1.736,0,245,7
6.588,0.132,15,1,41,2,2.779,2.324,0.662,10.926,5.015,0,2.529,2.176,68,68,185.4,1984,0,0.824,1.441,Tre Jones,23,1,12.868,3.603,1.309,1610612759,1.618,0,185,0
2.316,0.579,13,1,7,1,6.614,3.947,1.404,10.754,5.649,0,3.421,2.526,57,57,208.3,1690,0,2.105,2.789,Wendell Carter Jr.,23,4,15.228,8.719,0.526,1610612753,1.86,0,270,5
3.101,0.595,5,1,22,1,5.962,0.0,0.0,6.127,4.165,0,3.962,2.519,79,24,213.4,2053,1,2.899,2.747,Mason Plumlee,32,4,10.848,8.861,0.582,1610612746,1.481,0,254,10
2.652,0.362,5,1,7,1,1.71,5.159,1.913,9.464,4.217,0,2.507,2.058,69,57,190.5,1966,1,0.232,1.13,Eric Gordon,33,1,12.406,1.942,0.623,1610612746,1.507,0,215,15
3.706,0.544,12,1,13,1,4.971,3.471,1.368,8.191,4.088,0,3.412,2.912,68,8,210.8,1942,1,1.206,3.412,Kelly Olynyk,31,4,12.456,6.176,0.882,1610612762,2.471,0,240,10
8.444,0.306,14,1,3,1,5.25,10.639,4.0,20.028,8.222,0,3.389,2.833,36,36,200.7,1268,0,1.167,3.278,LaMelo Ball,21,1,23.278,6.417,1.278,1610612766,3.583,0,180,0
5.683,0.433,13,1,1,1,2.75,1.45,0.45,11.317,5.817,0,2.383,1.867,60,0,193.0,1778,0,1.15,2.183,Markelle Fultz,24,1,13.95,3.9,1.45,1610612753,2.317,0,209,6
3.359,0.297,7,1,-1,-1,2.5,3.375,1.344,7.656,4.047,0,4.141,3.578,64,64,195.6,1843,0,0.516,1.688,Austin Reaves,25,1,13.016,3.016,0.516,1610612747,1.547,0,197,0
1.22,0.854,10,1,4,1,3.037,3.378,1.402,8.256,3.829,0,1.28,1.098,82,82,200.7,2323,0,0.951,1.793,Patrick Williams,21,3,10.159,3.988,0.878,1610612741,1.232,0,215,0
4.448,0.149,7,2,17,1,2.149,3.358,1.104,9.701,4.03,0,3.761,3.224,67,0,185.4,1986,1,0.313,2.164,Dennis Schroder,29,1,12.388,2.463,0.746,1610612747,1.672,0,172,10
5.212,0.075,2,1,24,1,2.15,4.075,1.512,8.875,3.888,0,1.25,1.0,80,0,188.0,1939,0,0.35,0.4,Tyus Jones,26,1,10.288,2.5,1.038,1610612763,0.925,1,196,8
2.408,0.461,1,1,8,1,2.276,4.197,1.776,8.316,3.842,0,1.645,1.355,76,38,195.6,2381,1,0.461,1.908,Kentavious Caldwell-Pope,29,1,10.816,2.737,1.474,1610612743,1.132,0,204,10
1.176,0.122,12,1,15,1,2.351,5.189,2.203,7.905,3.932,0,1.189,1.014,74,74,198.1,2093,0,0.446,1.311,Corey Kispert,24,3,11.081,2.797,0.432,1610612764,0.743,1,224,0
8.881,0.373,4,1,4,1,3.797,4.424,1.661,11.322,4.983,0,2.712,2.254,59,59,182.9,1889,0,0.458,2.136,Chris Paul,37,1,13.881,4.254,1.542,1610612756,1.932,0,175,18
1.013,1.289,5,2,32,2,6.842,0.026,0.0,6.763,4.289,0,3.132,2.184,76,22,213.4,2169,0,3.105,2.882,Ivica Zubac,25,5,10.763,9.947,0.382,1610612746,1.539,0,240,7
2.113,0.366,5,1,25,1,2.535,5.732,2.211,8.479,3.972,0,1.38,1.099,71,71,195.6,2121,0,0.69,2.493,Quentin Grimes,23,1,11.254,3.225,0.662,1610612752,0.972,0,210,0
6.716,0.209,8,1,4,1,2.224,5.239,2.015,9.104,3.896,0,2.522,2.104,67,58,185.4,2028,1,0.493,2.075,Mike Conley,35,1,11.91,2.716,1.09,1610612750,1.537,0,175,16
1.012,1.338,7,1,6,1,4.488,0.162,0.05,6.212,3.962,0,2.45,1.912,80,80,205.7,1849,0,2.712,3.138,Onyeka Okongwu,22,4,9.888,7.2,0.7,1610612737,1.012,0,240,0
1.175,0.3,13,1,7,1,2.162,3.538,1.275,8.1,3.825,0,1.312,0.938,80,80,195.6,1779,0,0.788,1.7,Shaedon Sharpe,20,1,9.862,2.95,0.475,1610612757,1.038,0,200,0
6.184,0.368,15,2,7,1,2.539,3.763,1.053,10.724,4.039,0,1.474,1.211,76,76,195.6,2154,0,0.368,2.882,Killian Hayes,21,1,10.342,2.908,1.368,1610612765,2.276,0,195,0
3.917,0.517,13,1,15,1,4.017,3.433,1.25,10.167,4.617,0,2.833,2.533,60,60,190.5,1552,0,0.783,2.633,Cole Anthony,23,1,13.017,4.8,0.617,1610612753,1.517,0,185,0
1.132,0.779,8,1,-1,-1,3.824,3.191,1.103,8.485,4.559,0,1.868,1.265,68,24,205.7,1251,0,1.074,2.588,Naz Reid,23,4,11.485,4.897,0.618,1610612750,1.353,0,264,4
2.558,0.532,3,1,46,2,3.156,5.234,2.039,8.455,3.597,0,1.13,0.896,77,47,188.0,2150,1,0.896,2.481,De'Anthony Melton,24,1,10.13,4.052,1.636,1610612755,1.325,0,200,5
0.892,1.215,7,2,25,1,7.062,0.015,0.0,8.246,5.385,0,2.015,1.215,65,0,208.3,1730,0,3.969,2.138,Clint Capela,28,5,11.985,11.031,0.692,1610612737,0.831,0,256,9
1.073,0.573,14,1,17,1,3.671,2.098,0.72,8.049,3.61,0,1.768,1.329,82,82,203.2,1767,0,2.378,2.305,Tari Eason,22,3,9.268,6.049,1.171,1610612745,1.232,0,215,0
2.778,0.333,7,2,27,1,2.63,6.667,2.704,11.315,5.056,0,1.426,1.185,54,36,195.6,1509,0,0.426,1.593,Bogdan Bogdanovic,30,1,14.0,3.056,0.796,1610612737,1.204,0,225,6
1.625,0.425,3,1,52,2,3.538,2.9,0.962,7.712,3.512,0,1.725,1.45,80,0,205.7,1913,1,0.788,2.612,Jalen McDaniels,24,4,9.438,4.325,1.038,1610612755,1.162,0,205,4
4.586,0.552,9,1,1,1,4.966,0.655,0.241,16.172,9.828,0,8.552,6.103,29,29,198.1,956,0,2.0,2.241,Zion Williamson,22,3,26.0,6.966,1.103,1610612740,3.414,0,284,3
2.264,0.194,1,1,21,1,2.444,5.083,2.028,7.736,3.403,0,1.75,1.583,72,3,193.0,1972,0,0.847,1.625,Grayson Allen,27,1,10.417,3.292,0.861,1610612749,1.0,0,198,5
3.816,0.276,5,1,30,1,5.934,2.158,0.803,6.842,3.618,0,2.316,1.737,76,27,193.0,2454,1,1.868,2.566,Josh Hart,27,1,9.776,7.803,1.158,1610612752,1.539,0,215,6
1.342,0.466,11,1,14,1,2.945,4.301,1.575,8.082,3.452,0,1.945,1.63,73,73,195.6,1816,1,0.849,3.219,Aaron Nesmith,23,2,10.11,3.795,0.753,1610612754,1.027,0,215,0
4.12,0.24,14,1,9,1,3.64,3.2,1.04,11.62,5.52,0,3.18,2.58,50,11,200.7,1577,0,0.66,1.4,Gordon Hayward,32,3,14.66,4.3,0.84,1610612766,1.98,0,225,13
2.857,0.778,15,1,10,1,4.54,2.333,0.873,8.698,4.508,0,2.254,1.714,63,0,210.8,1441,0,1.841,3.159,Zach Collins,25,4,11.603,6.381,0.587,1610612759,2.048,0,250,5
1.754,0.323,5,1,14,1,3.523,4.738,1.723,9.892,4.215,0,1.338,1.046,65,0,203.2,1825,0,0.446,2.092,Marcus Morris Sr.,33,3,11.2,3.969,0.646,1610612746,0.862,0,218,12
2.757,0.081,10,1,7,1,2.649,4.649,1.73,8.027,3.554,0,0.946,0.824,74,1,195.6,1730,0,0.216,1.649,Coby White,22,1,9.662,2.865,0.73,1610612741,1.0,0,195,4
2.272,0.272,5,1,48,2,2.457,2.444,0.951,6.469,3.358,0,1.457,1.136,81,11,195.6,1872,0,0.951,1.84,Terance Mann,26,2,8.802,3.407,0.519,1610612746,0.988,0,215,4
0.382,0.842,9,1,-1,-1,3.474,2.487,0.816,6.961,3.434,0,2.211,1.684,76,0,205.7,1523,0,2.066,1.882,Chris Boucher,29,4,9.368,5.539,0.618,1610612761,0.539,0,200,6
4.547,0.173,11,1,31,2,2.187,3.507,1.227,8.587,3.787,0,0.827,0.653,75,75,190.5,2074,0,0.467,2.387,Andrew Nembhard,23,2,9.453,2.653,0.933,1610612754,1.68,0,191,0
0.921,0.413,7,5,9,1,3.651,2.54,0.81,9.27,4.508,0,1.889,1.397,63,63,203.2,1466,1,0.841,1.143,Rui Hachimura,24,3,11.222,4.492,0.302,1610612747,0.841,0,230,4
1.077,1.269,12,1,38,2,3.462,0.0,0.0,5.064,3.705,0,2.397,1.628,78,12,208.3,1604,0,2.09,2.397,Daniel Gafford,24,4,9.038,5.551,0.423,1610612764,1.09,1,234,4
2.031,0.077,8,1,43,2,2.062,3.569,1.031,9.615,4.308,0,1.523,1.185,65,0,193.0,1252,0,0.554,1.554,Jaylen Nowell,23,1,10.831,2.615,0.646,1610612750,1.0,0,201,4
3.579,0.447,15,1,11,1,3.684,7.0,2.711,15.658,6.868,0,2.632,2.053,38,38,195.6,1178,0,0.211,1.5,Devin Vassell,22,2,18.5,3.895,1.132,1610612759,1.5,0,200,0
6.262,0.377,2,1,6,1,2.377,5.607,1.885,9.869,4.098,0,1.934,1.443,61,34,193.0,1957,0,0.754,2.82,Marcus Smart,28,1,11.525,3.131,1.525,1610612738,2.344,0,220,9
2.455,0.182,9,1,-1,-1,3.0,2.831,0.857,7.416,3.208,0,2.273,1.792,77,77,200.7,1792,0,0.623,1.468,Naji Marshall,25,3,9.065,3.623,0.701,1610612740,1.26,0,220,0
3.785,0.446,12,1,46,2,2.6,3.123,0.892,9.431,3.954,0,2.585,1.938,65,10,193.0,1313,1,0.631,1.662,Talen Horton-Tucker,22,1,10.738,3.231,0.631,1610612762,1.938,0,234,4
2.776,0.382,12,5,9,1,5.434,3.053,0.908,7.618,3.329,0,2.171,1.605,76,76,205.7,2020,0,0.974,2.75,Deni Avdija,22,3,9.171,6.408,0.855,1610612764,1.618,1,210,0
1.26,0.623,2,2,30,1,3.714,3.455,1.221,6.818,3.208,0,1.87,1.403,77,77,213.4,1682,0,1.104,1.857,Santi Aldama,22,4,9.039,4.818,0.584,1610612763,0.779,0,215,0
2.865,0.846,13,2,16,1,6.865,2.288,0.827,9.712,5.038,0,3.692,2.442,52,22,213.4,1391,0,2.192,3.558,Jusuf Nurkic,28,5,13.346,9.058,0.827,1610612757,2.288,0,290,9
3.426,0.088,1,1,24,1,1.75,4.235,1.412,9.412,3.868,0,1.147,1.044,68,0,188.0,1657,1,0.368,1.676,Reggie Jackson,32,1,10.191,2.118,0.691,1610612743,1.691,0,208,12
1.205,0.11,10,1,49,2,2.027,5.397,2.205,6.959,3.068,0,1.37,1.123,73,73,190.5,1395,1,0.37,1.438,Isaiah Joe,23,1,9.466,2.397,0.658,1610612760,0.534,0,165,0
2.575,0.325,10,1,38,2,2.188,2.362,0.738,7.125,3.512,0,1.025,0.825,80,80,195.6,2098,0,0.562,2.275,Ayo Dosunmu,23,1,8.588,2.75,0.775,1610612741,1.238,0,200,0
2.875,0.125,12,1,8,1,1.417,2.542,1.0,9.75,4.938,0,4.146,3.396,48,42,188.0,1145,1,0.771,2.333,Collin Sexton,23,1,14.271,2.188,0.562,1610612762,1.771,0,190,5
1.648,0.437,8,1,-1,-1,3.606,3.324,1.183,7.718,3.577,0,1.592,1.282,71,3,195.6,2078,0,1.239,2.042,Caleb Martin,27,3,9.62,4.845,1.0,1610612748,1.099,0,205,4
0.932,2.338,12,1,22,1,5.257,0.041,0.014,5.595,4.027,0,2.149,1.108,74,74,213.4,1703,0,3.122,2.284,Walker Kessler,21,5,9.176,8.378,0.351,1610612762,0.784,0,245,0
3.5,0.139,6,1,17,1,3.403,5.25,2.083,7.5,3.264,0,0.986,0.806,72,0,193.0,1894,1,1.111,1.847,Donte DiVincenzo,25,1,9.417,4.514,1.347,1610612744,1.556,0,203,5
1.924,0.106,15,1,20,1,2.318,3.864,1.167,9.258,4.076,0,1.061,0.879,66,66,193.0,1550,0,0.424,1.742,Malaki Branham,20,3,10.197,2.742,0.5,1610612759,1.152,0,180,0
3.724,0.645,6,1,-1,-1,4.329,5.513,2.145,7.803,3.013,0,0.908,0.658,76,4,198.1,2409,1,0.724,3.145,Royce O'Neale,29,3,8.829,5.053,0.855,1610612751,1.5,0,226,6
1.494,0.143,4,5,31,2,1.961,4.052,1.506,6.883,3.104,0,1.403,0.974,77,15,200.7,1548,0,0.325,1.584,Cedi Osman,27,3,8.688,2.286,0.455,1610612739,0.675,0,230,6
1.866,0.463,6,3,7,1,2.403,2.179,0.806,7.418,3.896,0,2.06,1.343,67,67,200.7,1394,0,1.045,2.343,Jonathan Kuminga,20,3,9.94,3.448,0.612,1610612744,1.418,0,225,0
3.071,0.268,5,1,26,1,2.054,5.625,2.089,10.196,4.071,0,1.821,1.536,56,56,188.0,1086,1,0.357,1.714,Bones Hyland,22,1,11.768,2.411,0.696,1610612746,1.464,0,169,0
1.422,0.094,15,1,11,1,1.797,4.656,1.922,8.172,3.734,0,1.094,0.828,64,0,198.1,1314,0,0.359,1.844,Doug McDermott,30,3,10.219,2.156,0.203,1610612759,0.906,0,225,9
2.677,0.308,9,1,40,2,2.062,4.508,1.646,8.523,3.677,0,1.246,1.062,65,2,198.1,1530,1,0.631,1.8,Josh Richardson,29,1,10.062,2.692,1.062,1610612740,1.323,0,200,8
1.143,0.304,7,1,18,1,1.696,4.446,1.625,9.411,4.214,0,1.893,1.625,56,0,193.0,1297,1,0.25,1.268,Lonnie Walker IV,24,2,11.679,1.946,0.536,1610612747,0.821,0,204,5
2.235,0.157,15,1,12,1,2.725,4.686,1.941,9.0,3.922,0,3.686,3.0,51,0,198.1,1122,1,0.373,1.922,Alec Burks,31,1,12.784,3.098,0.745,1610612765,1.137,0,214,12
2.432,0.358,1,1,32,2,2.062,4.16,1.753,6.975,2.951,0,0.469,0.383,81,6,185.4,1812,0,0.432,1.951,Jevon Carter,27,1,8.037,2.494,0.815,1610612749,0.963,0,200,5
1.857,0.333,6,1,11,1,3.595,6.071,2.452,11.286,5.31,0,2.857,2.405,42,6,203.2,1200,1,0.81,1.976,Cameron Johnson,26,3,15.476,4.405,1.19,1610612751,0.881,0,210,4
5.293,0.133,11,1,-1,0,2.52,0.787,0.347,6.947,3.773,0,0.907,0.773,75,15,185.4,1526,0,0.6,1.4,T.J. McConnell,30,1,8.667,3.12,1.08,1610612754,1.907,0,190,8
2.455,0.636,9,1,35,2,2.606,2.53,0.848,7.591,3.561,0,2.439,1.864,66,66,200.7,1951,0,1.47,3.152,Herbert Jones,24,3,9.833,4.076,1.561,1610612740,1.333,0,206,0
1.537,0.299,15,1,48,2,2.731,2.119,0.836,6.94,3.522,0,2.239,1.776,67,6,203.2,1453,0,0.97,0.94,Keita Bates-Diop,26,3,9.657,3.701,0.687,1610612759,0.836,0,229,5
4.855,0.913,8,1,30,1,4.377,1.522,0.623,7.174,3.652,0,1.971,1.449,69,16,205.7,1957,1,0.957,2.116,Kyle Anderson,29,2,9.377,5.333,1.13,1610612750,1.493,0,230,9
0.971,0.882,11,1,10,1,3.897,2.809,0.794,7.471,3.559,0,2.015,1.529,68,68,205.7,1279,0,1.897,2.25,Jalen Smith,23,4,9.441,5.794,0.309,1610612754,1.059,0,215,0
2.456,0.074,8,1,-1,-1,1.735,5.147,1.721,8.338,3.353,0,1.147,1.0,68,0,188.0,1759,0,0.397,2.265,Gabe Vincent,26,1,9.426,2.132,0.912,1610612748,1.353,0,200,4
1.658,0.392,2,1,22,1,3.494,3.684,1.456,6.025,2.734,0,1.544,1.19,79,5,198.1,2045,0,1.101,2.43,Grant Williams,24,3,8.114,4.595,0.519,1610612738,1.038,0,236,4
1.014,0.167,7,1,16,1,1.611,3.597,1.403,7.403,3.444,0,0.653,0.583,72,72,198.1,1401,0,0.514,1.208,AJ Griffin,19,3,8.875,2.125,0.583,1610612737,0.583,0,220,0
0.987,0.179,3,1,50,2,2.128,4.923,1.974,6.436,2.846,0,0.577,0.5,78,0,200.7,1512,0,0.244,1.859,Georges Niang,29,3,8.167,2.372,0.385,1610612755,0.692,0,230,7
3.158,0.171,3,1,54,2,2.0,1.947,0.737,6.618,3.171,0,1.526,1.303,76,0,195.6,1567,0,0.513,1.618,Shake Milton,26,2,8.382,2.513,0.329,1610612755,1.237,0,205,5
5.258,0.21,12,1,51,2,2.968,3.29,1.258,8.306,3.984,0,1.242,1.032,62,0,188.0,1696,1,0.419,1.21,Monte Morris,27,1,10.258,3.387,0.694,1610612764,0.968,1,183,6
0.986,1.214,13,3,44,2,4.8,1.614,0.429,6.829,3.729,0,1.543,1.171,70,0,218.4,1505,0,0.986,1.314,Bol Bol,23,4,9.057,5.786,0.429,1610612753,1.6,0,220,4
2.297,0.757,6,1,1,1,3.378,6.081,2.405,14.297,6.757,0,1.946,1.189,37,37,200.7,1190,0,1.649,2.892,Andrew Wiggins,27,3,17.108,5.027,1.216,1610612744,1.297,0,197,9
2.359,0.269,7,1,41,2,5.282,1.154,0.372,5.782,3.167,0,1.782,1.231,78,0,203.2,1880,1,2.179,2.436,Jarred Vanderbilt,23,3,7.936,7.462,1.064,1610612747,1.244,0,214,5
6.849,0.822,6,1,35,2,6.288,1.795,0.548,6.493,3.425,0,1.479,1.055,73,0,198.1,2298,0,0.904,3.137,Draymond Green,32,3,8.452,7.192,1.014,1610612744,2.795,0,230,11
3.0,0.968,2,1,3,1,5.032,5.159,2.302,7.603,3.619,0,0.333,0.238,63,59,205.7,1921,0,1.159,1.921,Al Horford,36,4,9.778,6.19,0.476,1610612738,0.587,0,240,16
5.109,0.382,8,1,24,1,3.309,5.636,1.945,8.818,3.564,0,2.455,2.109,55,0,182.9,1718,0,0.782,2.6,Kyle Lowry,36,1,11.182,4.091,1.036,1610612748,1.873,0,196,17
2.536,0.411,15,2,9,1,3.571,2.393,0.589,9.857,4.464,0,2.071,1.446,56,56,203.2,1458,0,1.696,2.464,Jeremy Sochan,20,3,10.964,5.268,0.768,1610612759,1.732,0,230,0
1.119,0.881,15,1,13,1,5.463,0.03,0.0,5.94,3.851,0,2.343,1.433,67,67,210.8,1670,0,3.418,2.716,Jalen Duren,19,5,9.134,8.881,0.657,1610612765,1.373,0,250,0
1.368,0.123,6,5,27,1,1.526,2.333,0.895,8.0,3.526,0,3.053,2.649,57,57,190.5,948,0,0.14,0.965,Cam Thomas,21,1,10.596,1.667,0.351,1610612751,1.105,0,210,0
1.338,0.095,4,1,-1,-1,2.514,3.338,1.486,6.108,2.703,0,1.405,1.27,74,54,195.6,1506,1,0.527,1.595,Damion Lee,30,2,8.162,3.041,0.405,1610612756,1.054,0,210,6
4.828,0.586,8,1,1,1,6.483,5.655,2.069,14.759,7.31,0,4.655,4.069,29,29,213.4,957,0,1.655,3.828,Karl-Anthony Towns,27,4,20.759,8.138,0.69,1610612750,2.966,0,248,8
1.474,0.228,13,2,25,1,3.333,2.86,0.895,6.947,3.474,0,3.193,2.684,57,6,210.8,1109,0,1.211,2.386,Moritz Wagner,25,4,10.526,4.544,0.649,1610612753,1.193,0,245,5
1.481,0.785,4,1,-1,-1,3.557,3.203,1.266,6.329,2.886,0,0.57,0.405,79,10,200.7,1948,0,1.835,2.266,Torrey Craig,31,3,7.443,5.392,0.633,1610612756,0.924,0,221,6
0.525,0.508,1,1,42,2,4.288,1.0,0.441,6.254,3.898,0,2.136,1.576,59,0,208.3,1082,1,1.458,1.729,Thomas Bryant,25,4,9.814,5.746,0.271,1610612743,0.644,0,248,6
2.524,0.61,6,1,30,1,5.927,0.012,0.0,4.683,2.951,0,1.89,1.146,82,0,205.7,1958,0,3.341,2.744,Kevon Looney,26,3,7.049,9.268,0.634,1610612744,0.549,0,222,8
1.4,0.68,15,1,16,1,5.76,4.1,1.34,8.82,3.9,0,2.98,2.2,50,50,203.2,1414,0,2.3,2.66,Isaiah Stewart,22,4,11.34,8.06,0.4,1610612765,1.36,0,250,0
1.365,0.176,6,1,33,2,1.905,4.5,1.919,5.946,2.716,0,0.378,0.243,74,1,198.1,1527,0,0.311,1.892,Joe Harris,31,2,7.595,2.216,0.459,1610612751,0.554,0,220,9
0.892,0.419,3,1,12,1,3.135,3.243,1.176,5.514,2.527,0,1.676,1.365,74,30,205.7,1247,0,0.919,1.311,Trey Lyles,27,3,7.595,4.054,0.365,1610612758,0.865,0,234,8
1.385,0.167,11,1,25,1,3.218,5.09,1.936,6.026,2.462,0,0.474,0.333,78,0,198.1,2365,0,0.41,2.128,Reggie Bullock,31,2,7.192,3.628,0.692,1610612742,0.462,0,205,10
1.623,0.115,6,1,-1,-1,1.426,3.803,1.541,7.361,3.41,0,0.902,0.836,61,0,185.4,1211,0,0.213,1.574,Seth Curry,32,1,9.197,1.639,0.59,1610612751,0.836,0,185,9
1.286,0.661,2,1,21,1,3.893,0.107,0.018,6.232,4.089,0,2.446,1.768,56,3,203.2,1090,0,1.643,2.339,Brandon Clarke,26,3,9.964,5.536,0.607,1610612763,0.982,0,215,4
1.515,0.545,6,1,-1,-1,3.061,5.121,1.727,7.591,2.97,0,0.894,0.682,66,28,200.7,2009,1,1.727,2.182,Dorian Finney-Smith,29,3,8.348,4.788,0.833,1610612751,0.939,0,220,7
3.049,0.164,9,1,-1,-1,1.852,4.049,1.361,8.016,3.295,0,1.311,1.066,61,61,182.9,1310,0,0.459,2.049,Jose Alvarado,25,1,9.016,2.311,1.098,1610612740,1.328,0,179,0
1.717,0.083,11,4,18,1,2.117,2.817,1.133,6.367,3.417,0,1.567,1.133,60,60,200.7,1539,0,0.917,2.6,Josh Green,22,1,9.1,3.033,0.7,1610612742,1.2,0,200,0
1.542,0.085,2,1,12,1,2.424,4.559,2.254,6.475,3.186,0,0.661,0.627,59,7,195.6,1315,1,0.254,1.39,Luke Kennard,26,1,9.254,2.678,0.542,1610612763,0.78,0,206,6
1.419,0.226,11,1,45,2,2.871,3.403,1.387,7.177,3.129,0,1.387,1.097,62,62,205.7,1188,1,0.823,1.194,Jordan Nwora,24,3,8.742,3.694,0.387,1610612754,1.065,0,225,0
1.25,0.211,7,1,15,1,3.237,3.697,1.408,6.118,2.632,0,0.513,0.447,76,14,200.7,1860,1,0.816,1.579,Troy Brown Jr.,23,2,7.118,4.053,0.776,1610612747,0.645,0,215,5
2.685,0.219,15,1,34,2,1.411,4.63,1.63,5.904,2.205,0,1.795,1.342,73,4,185.4,1338,1,0.26,1.082,Devonte' Graham,27,1,7.384,1.671,0.616,1610612759,0.726,0,195,5
0.585,1.092,14,1,42,2,4.138,0.015,0.015,4.815,3.031,0,2.815,2.108,65,65,213.4,1218,0,2.262,2.369,Nick Richards,25,5,8.185,6.4,0.169,1610612766,0.908,0,245,0
1.458,0.472,4,3,20,1,1.972,2.736,0.917,5.75,2.25,0,2.667,1.931,72,50,193.0,1351,1,1.514,1.583,Josh Okogie,24,1,7.347,3.486,0.778,1610612756,0.875,0,213,5
2.925,0.509,13,1,5,1,2.0,3.811,1.245,8.377,3.509,0,2.245,1.623,53,53,195.6,1246,0,1.038,2.264,Jalen Suggs,22,1,9.887,3.038,1.264,1610612753,1.774,0,205,0
0.982,0.286,15,1,45,2,2.446,0.375,0.089,6.696,3.839,0,2.643,1.554,56,3,195.6,996,0,1.018,2.214,Hamidou Diallo,24,1,9.321,3.464,0.946,1610612765,1.268,0,202,5
1.508,0.159,4,1,8,1,2.095,4.095,1.508,7.381,3.175,0,0.54,0.429,63,1,200.7,1331,1,0.349,1.54,Terrence Ross,31,2,8.286,2.444,0.556,1610612756,0.683,0,206,11
1.321,1.308,13,1,-1,-1,3.667,0.231,0.09,4.282,2.744,0,1.603,1.064,78,0,208.3,1584,0,1.692,2.167,Drew Eubanks,25,4,6.641,5.359,0.513,1610612757,0.859,0,245,5
1.791,0.164,10,1,18,1,1.91,3.836,1.209,7.478,2.94,0,0.821,0.627,67,67,190.5,1183,0,0.403,1.478,Tre Mann,22,1,7.716,2.313,0.597,1610612760,0.925,0,178,0
0.888,0.262,2,1,-1,-1,2.112,4.188,1.75,4.95,2.25,0,0.212,0.15,80,80,200.7,1290,0,0.438,1.238,Sam Hauser,25,3,6.4,2.55,0.362,1610612738,0.375,0,217,0
1.871,0.194,8,1,5,1,5.484,4.774,1.597,6.839,2.661,0,1.468,1.29,62,28,203.2,1239,1,0.952,1.565,Kevin Love,34,4,8.21,6.435,0.258,1610612748,1.129,0,251,15
0.909,0.545,9,3,20,1,4.145,1.964,0.527,7.345,3.564,0,2.255,1.582,55,55,203.2,1141,0,1.818,1.855,Precious Achiuwa,23,3,9.236,5.964,0.564,1610612761,1.073,0,225,0
0.908,0.342,11,1,45,2,2.171,0.066,0.0,3.539,2.592,0,2.211,1.474,76,0,208.3,1458,0,1.961,2.75,Dwight Powell,31,4,6.658,4.132,0.632,1610612742,0.855,0,240,9
0.857,0.714,15,1,2,1,4.167,1.571,0.452,9.095,4.81,0,2.571,1.929,42,2,208.3,990,0,2.238,1.929,Marvin Bagley III,23,3,12.0,6.405,0.452,1610612765,1.095,0,235,5
4.939,0.152,1,1,39,2,3.394,4.909,1.545,12.303,5.364,0,3.091,2.788,33,0,200.7,801,0,0.848,2.061,Khris Middleton,31,3,15.061,4.242,0.697,1610612749,2.152,0,222,11
0.985,0.179,5,1,8,1,2.358,3.687,1.269,6.254,2.791,0,0.701,0.567,67,67,205.7,1051,0,0.433,1.015,Obi Toppin,25,3,7.418,2.791,0.343,1610612752,0.567,0,220,0
1.286,0.1,12,1,-1,-1,1.343,3.186,1.129,6.429,2.729,0,0.586,0.5,70,70,190.5,963,0,0.214,0.943,Kendrick Nunn,27,1,7.086,1.557,0.4,1610612764,0.943,1,190,3
4.458,0.167,4,1,14,1,1.958,3.854,1.417,9.438,3.917,0,1.333,1.021,48,48,185.4,968,0,0.25,1.833,Cameron Payne,28,1,10.271,2.208,0.688,1610612756,1.688,0,183,0
1.556,0.278,8,1,12,1,2.167,3.593,1.37,7.019,3.278,0,1.426,1.204,54,9,198.1,1193,0,0.278,2.278,Taurean Prince,28,3,9.13,2.444,0.519,1610612750,1.278,0,218,7
1.145,0.395,4,1,5,1,1.776,2.25,0.816,4.658,2.303,0,1.355,1.026,76,76,195.6,1653,0,0.684,2.079,Isaac Okoro,22,2,6.447,2.461,0.737,1610612739,0.553,0,225,0
1.143,0.214,10,1,55,2,2.029,1.743,0.686,5.186,2.657,0,1.014,0.843,70,70,195.6,1297,0,0.971,1.571,Aaron Wiggins,24,1,6.843,3.0,0.557,1610612760,0.786,0,190,0
1.551,0.564,5,2,25,1,3.038,4.064,1.59,4.885,2.051,0,0.615,0.436,78,75,203.2,1710,0,0.795,1.91,Nicolas Batum,34,2,6.128,3.833,0.692,1610612746,0.641,0,230,15
4.833,0.463,14,1,9,1,2.593,2.056,0.444,8.37,3.444,0,1.963,1.444,54,54,188.0,1390,1,0.5,2.259,Dennis Smith Jr.,25,1,8.778,3.093,1.389,1610612766,1.519,0,205,6
1.136,0.254,12,1,14,1,1.322,3.864,1.373,6.542,2.797,0,1.169,0.949,59,59,195.6,1209,0,0.729,1.678,Ochai Agbaji,23,1,7.915,2.051,0.271,1610612762,0.695,0,215,0
0.843,0.271,2,1,23,1,2.043,3.029,0.929,6.0,2.571,0,0.929,0.586,70,70,193.0,1259,0,0.714,1.529,David Roddy,22,3,6.657,2.757,0.414,1610612763,0.814,0,255,0
1.262,0.18,1,1,41,2,3.82,5.279,1.787,6.902,2.705,0,0.672,0.443,61,0,195.6,1443,0,0.82,1.131,Pat Connaughton,29,1,7.639,4.639,0.607,1610612749,0.541,0,209,8
2.097,0.194,13,1,-1,-1,3.161,1.032,0.403,5.21,2.919,0,1.613,1.161,62,62,203.2,1182,0,0.677,1.903,Trendon Watford,22,3,7.403,3.839,0.516,1610612757,1.145,0,237,0
0.986,0.435,4,4,-1,-1,2.333,1.217,0.304,4.884,2.58,0,1.522,1.145,69,69,210.8,979,1,1.725,1.826,Jock Landale,27,5,6.609,4.058,0.232,1610612756,0.855,0,255,0
0.81,1.476,11,1,22,1,2.683,0.222,0.032,5.048,2.841,0,2.317,1.508,63,63,205.7,1042,0,1.794,2.444,Isaiah Jackson,21,3,7.222,4.476,0.492,1610612754,0.81,0,205,0
2.312,0.188,3,1,9,1,1.112,2.462,0.788,4.988,2.262,0,0.388,0.312,80,80,182.9,1447,0,0.2,1.4,Davion Mitchell,24,1,5.625,1.312,0.55,1610612758,0.775,0,202,0
0.667,0.6,15,1,2,1,4.311,0.444,0.089,7.533,4.2,0,2.156,1.511,45,45,213.4,867,0,1.622,2.4,James Wiseman,22,5,10.0,5.933,0.156,1610612765,1.133,0,240,0
3.476,0.286,8,1,2,1,2.667,5.048,1.667,9.595,3.81,0,1.881,1.405,42,23,190.5,1106,0,0.381,2.357,Victor Oladipo,30,1,10.69,3.048,1.357,1610612748,2.071,0,213,10
1.831,0.569,9,1,27,1,3.815,0.646,0.215,4.692,2.862,0,1.215,0.846,65,22,203.2,1381,0,1.631,2.046,Larry Nance Jr.,29,4,6.785,5.446,0.862,1610612740,0.646,0,245,8
1.232,0.304,1,1,5,1,1.893,1.857,0.536,5.857,2.857,0,2.089,1.554,56,36,203.2,1091,0,0.679,1.768,Jeff Green,36,3,7.804,2.571,0.321,1610612743,0.821,0,235,15
0.898,1.847,5,1,36,2,4.881,0.0,0.0,4.746,3.186,0,2.068,1.0,59,16,213.4,1589,0,4.525,2.712,Mitchell Robinson,24,4,7.373,9.407,0.949,1610612752,0.695,0,240,5
1.047,0.188,3,1,-1,-1,1.859,3.797,1.391,5.688,2.406,0,0.672,0.531,64,3,193.0,841,0,0.312,1.625,Terence Davis,25,1,6.734,2.172,0.672,1610612758,0.828,0,201,4
1.574,0.475,2,1,35,2,3.049,0.246,0.066,5.016,3.082,0,1.459,0.803,61,61,200.7,1180,0,1.984,1.59,Xavier Tillman,24,3,7.033,5.033,0.951,1610612763,0.721,0,245,0
3.5,0.145,15,1,29,1,1.371,2.903,1.129,5.661,2.419,0,1.161,0.919,62,2,190.5,1227,0,0.339,1.419,Cory Joseph,31,1,6.887,1.71,0.548,1610612765,0.903,0,200,12
1.981,0.264,10,1,-1,-1,3.094,2.528,0.943,6.528,3.377,0,0.736,0.321,53,33,198.1,1206,0,1.83,2.113,Kenrich Williams,28,2,8.019,4.925,0.849,1610612760,0.604,0,210,5
1.354,0.146,11,1,37,2,1.625,3.25,1.312,6.938,3.042,0,1.646,1.354,48,48,190.5,708,0,0.229,1.333,Jaden Hardy,20,1,8.75,1.854,0.354,1610612742,0.958,0,198,0
1.548,0.323,6,1,-1,-1,2.565,3.21,1.177,5.065,2.387,0,0.968,0.742,62,62,198.1,1195,1,0.903,2.161,Anthony Lamb,25,3,6.694,3.468,0.452,1610612744,0.871,0,227,0
0.524,0.19,13,1,9,1,2.27,2.952,1.032,5.27,2.413,0,0.952,0.73,63,47,200.7,952,1,0.54,1.508,Kevin Knox II,23,3,6.587,2.81,0.381,1610612757,0.794,0,215,5
2.896,0.612,10,1,42,2,3.03,3.567,1.194,5.373,2.149,0,0.97,0.701,67,0,188.0,1817,1,0.657,2.791,Patrick Beverley,34,1,6.194,3.687,0.94,1610612741,0.896,0,180,11
2.71,0.419,12,1,-1,-1,2.387,1.903,0.613,5.694,2.548,0,1.113,0.855,62,62,190.5,1105,0,0.919,1.532,Jordan Goodwin,24,1,6.565,3.306,0.935,1610612764,0.919,0,200,0
1.244,0.78,5,2,43,2,3.988,0.451,0.098,3.988,2.134,0,0.866,0.585,82,0,213.4,1628,1,2.549,2.598,Isaiah Hartenstein,24,4,4.951,6.537,0.646,1610612752,0.805,0,250,5
0.493,0.403,10,1,9,1,4.567,0.045,0.0,4.09,2.478,0,1.866,1.0,67,11,210.8,849,1,2.06,1.746,Andre Drummond,29,5,5.955,6.627,0.672,1610612741,1.119,0,279,11
0.677,0.2,11,1,-1,-1,2.4,2.385,0.738,4.908,1.892,0,2.231,1.6,65,0,200.7,1083,0,0.954,1.215,Oshae Brissett,24,2,6.123,3.354,0.508,1610612754,0.523,0,210,4
1.229,0.25,13,1,19,1,1.604,4.542,1.958,6.396,2.875,0,0.625,0.562,48,5,193.0,1184,0,0.438,1.938,Gary Harris,28,1,8.271,2.042,0.938,1610612753,0.583,0,210,9
1.186,0.486,7,1,20,1,3.3,1.486,0.429,4.6,2.257,0,1.114,0.7,70,70,203.2,1042,0,0.729,1.614,Jalen Johnson,21,3,5.643,4.029,0.543,1610612737,0.586,0,219,0
1.425,0.35,13,1,10,1,1.75,3.6,1.125,7.8,3.475,0,1.875,1.6,40,23,200.7,990,1,0.45,1.8,Cam Reddish,23,2,9.675,2.2,0.975,1610612757,1.175,0,217,4
0.419,1.047,14,1,15,1,4.907,0.0,0.0,5.837,3.721,0,2.256,1.558,43,43,213.4,828,0,2.163,2.186,Mark Williams,21,5,9.0,7.07,0.651,1610612766,0.93,0,240,0
5.235,0.353,5,1,1,1,2.294,3.206,0.971,9.941,4.059,0,3.324,2.265,34,31,190.5,755,0,0.412,1.735,John Wall,32,1,11.353,2.706,0.794,1610612746,2.353,0,210,11
0.794,0.381,2,1,44,2,2.635,3.286,1.286,4.635,2.079,0,0.825,0.635,63,0,210.8,945,1,0.587,1.556,Mike Muscala,31,4,6.079,3.222,0.238,1610612738,0.365,1,240,10
2.0,0.232,9,1,40,2,2.179,3.214,1.179,6.5,2.464,0,0.839,0.661,56,3,195.6,993,1,0.268,1.0,Will Barton,31,1,6.768,2.446,0.5,1610612761,0.857,0,181,11
1.283,0.189,6,1,52,2,1.245,1.642,0.585,5.075,2.34,0,2.038,1.868,53,0,193.0,736,0,0.245,1.566,Edmond Sumner,26,1,7.132,1.491,0.585,1610612751,0.943,0,196,5
2.881,0.687,10,1,-1,-1,2.299,2.254,0.821,4.269,1.94,0,1.09,0.881,67,12,195.6,1575,0,0.627,2.373,Alex Caruso,28,1,5.582,2.925,1.463,1610612741,1.149,0,186,6
1.141,0.234,14,1,24,1,0.797,1.391,0.328,5.141,2.391,0,0.938,0.703,64,64,193.0,786,0,0.312,0.922,Josh Christopher,21,1,5.812,1.109,0.516,1610612745,0.938,0,215,0
0.529,0.515,7,3,-1,-1,2.5,0.529,0.147,3.824,2.279,0,1.235,0.765,68,0,205.7,1024,0,1.706,2.118,Wenyen Gabriel,25,3,5.471,4.206,0.382,1610612747,0.676,0,205,4
3.88,0.34,12,1,20,1,2.44,2.38,0.82,5.82,2.76,0,1.2,1.04,50,1,195.6,1221,1,1.16,1.18,Delon Wright,30,1,7.38,3.6,1.84,1610612764,0.88,1,185,8
0.895,0.404,6,1,-1,-1,2.333,1.947,0.737,4.421,2.386,0,1.175,0.912,57,0,205.7,797,1,1.263,1.842,JaMychal Green,32,4,6.421,3.596,0.439,1610612744,0.912,0,227,9
2.603,0.069,1,2,45,2,1.121,2.5,0.897,5.776,2.431,0,0.776,0.534,58,1,193.0,870,1,0.276,1.121,Goran Dragic,36,1,6.293,1.397,0.224,1610612749,1.086,0,190,15
1.389,0.347,2,1,-1,-1,3.417,2.458,0.833,4.444,1.917,0,0.5,0.389,72,0,195.6,1494,0,0.889,1.556,John Konchar,26,1,5.056,4.306,1.069,1610612763,0.514,0,210,4
1.831,0.356,8,1,17,1,1.458,2.695,1.034,5.0,2.22,0,1.017,0.678,59,1,195.6,884,1,0.254,1.492,Nickeil Alexander-Walker,24,1,6.153,1.712,0.542,1610612750,0.932,0,205,4
1.391,0.196,11,1,13,1,2.087,3.783,1.196,7.239,2.674,0,1.565,1.326,46,46,195.6,897,0,0.413,1.413,Chris Duarte,26,1,7.87,2.5,0.543,1610612754,0.891,0,190,0
1.298,0.123,10,2,12,1,2.702,2.018,0.789,4.86,2.228,0,1.333,1.105,57,25,208.3,806,0,0.93,1.737,Dario Saric,28,4,6.351,3.632,0.351,1610612760,0.965,0,225,6
2.31,1.095,2,4,12,1,6.452,0.024,0.0,6.262,3.738,0,3.071,1.119,42,10,210.8,1133,0,5.095,2.333,Steven Adams,29,5,8.595,11.548,0.857,1610612763,1.881,0,265,10
0.776,0.224,1,1,21,1,1.75,1.263,0.447,3.803,1.882,0,0.842,0.526,76,76,198.1,1181,0,0.632,1.329,Christian Braun,22,1,4.737,2.382,0.539,1610612743,0.461,0,220,0
0.926,0.37,13,1,25,1,2.111,2.926,1.074,5.611,2.481,0,0.852,0.611,54,5,195.6,976,0,0.5,1.222,Nassir Little,22,2,6.648,2.611,0.37,1610612757,0.667,0,220,4
0.788,0.538,15,1,42,2,2.212,3.904,1.423,5.538,2.308,0,0.75,0.615,52,52,198.1,1199,0,0.538,1.981,Isaiah Livers,24,3,6.654,2.75,0.538,1610612765,0.577,0,232,0
2.325,0.125,4,1,26,1,1.4,4.975,1.875,7.5,2.825,0,1.275,1.125,40,2,193.0,807,0,0.275,1.525,Landry Shamet,25,1,8.65,1.675,0.65,1610612756,0.9,1,190,5
0.532,0.306,4,1,-1,-1,2.565,1.532,0.484,4.645,2.081,0,0.919,0.645,62,62,198.1,1121,0,0.774,1.274,Lamar Stevens,25,3,5.29,3.339,0.435,1610612739,0.435,0,230,0
0.808,0.154,12,2,-1,-1,1.058,3.673,1.212,6.0,2.212,0,0.846,0.673,52,52,200.7,766,0,0.596,1.192,Simone Fontecchio,27,3,6.308,1.654,0.288,1610612762,0.75,0,209,0
0.939,0.878,7,1,6,1,3.408,2.531,0.98,4.918,2.388,0,1.265,0.837,49,1,213.4,768,1,1.184,2.143,Mo Bamba,24,5,6.592,4.592,0.265,1610612747,0.612,0,231,5
0.828,0.293,6,5,-1,-1,1.914,2.328,1.034,4.0,1.966,0,0.81,0.586,58,0,203.2,928,1,0.517,1.379,Yuta Watanabe,28,2,5.552,2.431,0.431,1610612751,0.379,0,215,5
0.606,0.318,3,1,49,2,2.288,0.576,0.136,3.318,1.955,0,1.106,0.818,66,0,205.7,689,0,0.712,1.227,Chimezie Metu,25,4,4.864,3.0,0.333,1610612758,0.485,0,225,5
0.579,0.439,3,1,32,2,1.614,0.105,0.0,3.667,2.193,0,1.772,1.228,57,1,200.7,681,1,1.175,1.316,Montrezl Harrell,28,4,5.614,2.789,0.298,1610612755,0.614,0,240,8
0.531,0.578,10,1,-1,-1,1.453,1.25,0.422,3.594,1.797,0,1.312,0.969,64,16,198.1,893,0,0.938,1.344,Derrick Jones Jr.,25,3,4.984,2.391,0.453,1610612741,0.391,0,210,7
3.261,0.13,1,4,-1,-1,2.5,4.413,1.804,5.391,2.348,0,0.457,0.391,46,18,205.7,1044,1,0.283,1.609,Joe Ingles,34,2,6.891,2.783,0.717,1610612749,1.196,0,220,8
0.952,0.286,4,1,14,1,2.262,1.595,0.524,6.429,3.143,0,0.833,0.667,42,1,203.2,687,0,0.619,1.548,T.J. Warren,29,3,7.476,2.881,0.524,1610612756,0.476,0,220,8
3.0,0.111,6,1,24,1,1.578,2.0,0.778,5.378,2.622,0,0.911,0.844,45,0,195.6,816,1,0.156,1.422,Ty Jerome,25,2,6.867,1.733,0.511,1610612744,0.667,0,195,4
0.81,0.111,6,1,14,1,1.222,2.143,0.778,3.603,1.714,0,0.841,0.587,63,63,195.6,817,0,0.444,0.857,Moses Moody,21,1,4.794,1.667,0.286,1610612744,0.54,0,211,0
1.149,0.191,15,1,24,1,1.468,2.468,0.872,5.043,2.17,0,1.617,1.213,47,47,193.0,750,1,0.383,1.085,R.J. Hampton,22,1,6.426,1.851,0.574,1610612765,0.894,0,175,0
1.163,0.302,15,1,14,1,1.326,1.419,0.372,6.023,2.814,0,1.302,0.907,43,2,195.6,844,0,1.326,1.558,Romeo Langford,23,2,6.907,2.651,0.558,1610612759,0.698,0,216,4
1.333,0.233,1,2,49,2,1.733,1.917,0.717,3.783,1.8,0,0.683,0.633,60,0,203.2,889,0,0.4,1.4,Vlatko Cancar,25,3,4.95,2.133,0.367,1610612743,0.617,0,236,4
3.455,0.273,14,2,34,2,2.477,2.159,0.636,5.773,2.318,0,1.682,1.432,44,44,195.6,854,1,0.318,1.386,Theo Maledon,22,1,6.705,2.795,0.841,1610612766,1.341,0,175,0
0.746,0.451,13,1,20,1,1.408,2.085,0.761,3.563,1.549,0,0.394,0.268,71,15,195.6,1200,1,0.563,1.592,Matisse Thybulle,25,2,4.127,1.972,1.169,1610612757,0.338,0,201,4
1.018,0.321,12,1,8,1,2.321,2.321,0.589,5.125,1.946,0,0.875,0.75,56,30,203.2,816,0,0.589,1.214,Rudy Gay,36,2,5.232,2.911,0.339,1610612762,0.661,0,250,17
1.0,0.256,10,1,32,2,2.535,2.581,0.86,5.767,2.558,0,0.977,0.814,43,43,203.2,814,0,1.651,1.651,Jeremiah Robinson-Earl,22,3,6.791,4.186,0.558,1610612760,0.442,0,240,0
6.095,0.571,6,4,1,1,5.31,0.048,0.0,5.595,3.167,0,1.357,0.595,42,42,208.3,1105,0,0.952,3.31,Ben Simmons,26,2,6.929,6.262,1.286,1610612751,2.31,0,240,5
5.636,0.455,12,1,5,1,4.136,1.636,0.773,9.818,5.273,0,2.409,1.864,22,1,190.5,568,1,0.409,2.636,Kris Dunn,28,1,13.182,4.545,1.136,1610612762,1.591,0,205,6
1.551,0.245,10,1,34,2,4.02,2.306,0.939,4.776,2.082,0,1.102,0.776,49,49,205.7,914,0,0.898,2.265,Jaylin Williams,20,3,5.878,4.918,0.571,1610612760,0.755,0,240,0
1.188,0.688,5,1,-1,-1,2.812,2.833,1.125,4.771,2.125,0,0.833,0.625,48,0,200.7,779,0,0.646,1.792,Robert Covington,32,3,6.0,3.458,0.792,1610612746,0.667,0,209,10
0.391,0.739,3,1,58,2,2.174,0.087,0.014,3.029,1.797,0,0.739,0.551,69,69,205.7,755,0,1.623,1.783,Paul Reed,24,3,4.159,3.797,0.667,1610612755,0.652,0,210,0
2.71,0.226,14,1,-1,-1,2.484,1.484,0.419,7.387,3.548,0,2.226,1.613,31,31,195.6,677,0,1.323,3.419,Jae'Sean Tate,27,3,9.129,3.806,0.677,1610612745,1.516,0,230,0
1.429,1.371,2,1,27,1,5.371,0.029,0.0,4.857,3.629,0,1.171,0.714,35,2,205.7,824,0,2.971,1.943,Robert Williams III,24,4,7.971,8.343,0.629,1610612738,0.971,0,237,4
0.7,0.075,15,3,-1,-1,1.7,2.225,0.625,5.7,2.525,0,1.875,1.275,40,40,198.1,645,1,1.075,2.275,Eugene Omoruyi,26,3,6.95,2.775,0.7,1610612765,0.85,0,235,0
0.34,0.434,1,1,22,1,1.377,1.226,0.321,3.698,2.075,0,1.17,0.755,53,53,205.7,728,0,1.226,1.981,Zeke Nnaji,22,4,5.226,2.604,0.321,1610612743,0.585,0,240,0
1.882,1.265,10,2,17,1,3.353,3.059,1.118,7.324,3.176,0,1.029,0.647,34,34,213.4,701,0,1.324,1.706,Aleksej Pokusevski,21,3,8.118,4.676,0.588,1610612760,1.265,0,210,0
1.333,0.021,2,1,26,1,1.312,3.208,1.167,5.104,2.104,0,0.333,0.25,48,48,185.4,643,0,0.521,0.771,Payton Pritchard,25,1,5.625,1.833,0.292,1610612738,0.833,0,195,0
0.786,0.161,3,1,-1,-1,1.518,1.964,0.661,3.518,1.661,0,1.071,0.804,56,0,198.1,807,1,0.161,1.232,Danuel House Jr.,29,2,4.786,1.679,0.25,1610612755,0.464,0,220,7
1.095,0.0,8,1,-1,-1,1.452,4.571,1.5,5.643,2.095,0,0.762,0.69,42,2,200.7,690,0,0.19,1.833,Duncan Robinson,28,3,6.381,1.643,0.333,1610612748,0.667,0,215,5
0.673,0.135,1,1,24,1,1.481,2.731,0.904,4.673,1.846,0,0.712,0.519,52,52,200.7,701,0,0.731,1.365,MarJon Beauchamp,22,3,5.115,2.212,0.404,1610612749,0.865,0,199,0
0.8,0.2,3,1,35,2,2.667,1.867,0.733,3.0,1.28,0,0.307,0.253,75,0,195.6,1920,1,1.267,2.4,P.J. Tucker,37,3,3.547,3.933,0.52,1610612755,0.587,0,245,12
0.918,1.443,4,3,7,1,2.803,0.0,0.0,3.377,1.951,0,1.148,0.41,61,39,203.2,874,0,1.459,1.869,Bismack Biyombo,30,5,4.311,4.262,0.295,1610612756,0.836,0,255,12
1.442,0.279,15,5,54,2,2.674,2.302,0.698,5.349,2.256,0,1.326,0.907,43,43,208.3,660,1,1.628,1.209,Sandro Mamukelashvili,24,4,6.116,4.302,0.326,1610612759,0.814,0,240,0
0.522,0.333,14,1,37,2,1.681,1.783,0.565,3.449,1.377,0,0.681,0.478,69,69,205.7,969,0,0.522,0.957,JT Thor,20,3,3.797,2.203,0.319,1610612766,0.638,0,203,0
0.868,0.342,9,2,35,2,3.211,0.289,0.079,4.447,2.342,0,2.737,2.132,38,11,210.8,458,0,1.526,1.684,Willy Hernangomez,28,4,6.895,4.737,0.447,1610612740,1.026,0,250,7
0.768,0.667,2,1,-1,-1,1.609,0.188,0.043,2.464,1.638,0,0.565,0.464,69,3,218.4,804,0,1.246,1.174,Luke Kornet,27,4,3.783,2.855,0.159,1610612738,0.362,0,250,6
0.481,0.093,7,1,-1,-1,1.148,3.333,1.167,3.722,1.352,0,0.981,0.889,54,0,198.1,686,1,0.204,1.148,Garrison Mathews,26,1,4.759,1.352,0.444,1610612737,0.352,0,215,4
1.442,0.077,8,1,10,1,1.5,2.365,0.827,4.019,1.75,0,0.75,0.577,52,22,193.0,1016,1,0.096,1.538,Austin Rivers,30,1,4.904,1.596,0.538,1610612750,0.442,0,200,11
0.883,0.367,4,1,-1,-1,1.567,2.883,0.95,3.783,1.4,0,0.517,0.433,60,60,195.6,915,0,0.75,1.95,Ish Wainright,28,3,4.183,2.317,0.633,1610612756,0.367,0,250,0
1.413,0.19,7,1,23,1,0.778,1.397,0.571,3.492,1.46,0,0.508,0.429,63,0,182.9,845,1,0.397,1.254,Aaron Holiday,26,1,3.921,1.175,0.587,1610612737,0.571,0,185,5
1.174,0.13,14,1,40,2,1.587,1.739,0.565,4.391,1.739,0,1.739,1.304,46,46,198.1,787,0,0.435,1.043,Bryce McGowens,20,1,5.348,2.022,0.326,1610612766,0.935,0,175,0
1.321,0.075,9,1,29,1,1.151,2.509,0.887,4.566,1.642,0,0.623,0.472,53,53,185.4,691,0,0.283,1.226,Malachi Flynn,25,1,4.642,1.434,0.396,1610612761,0.472,0,175,0
1.4,0.075,6,4,55,2,0.9,3.35,1.225,5.225,2.15,0,0.75,0.625,40,0,182.9,567,0,0.2,0.8,Patty Mills,34,1,6.15,1.1,0.375,1610612751,0.75,0,180,14
2.032,0.129,5,2,-1,-1,1.097,3.581,1.29,8.258,3.032,0,0.774,0.516,31,31,188.0,394,1,0.065,0.742,Duane Washington Jr.,23,1,7.871,1.161,0.194,1610612752,1.097,0,197,0
1.389,0.093,9,1,12,1,1.759,0.63,0.111,3.667,2.0,0,0.481,0.333,54,16,203.2,795,0,1.315,1.63,Thaddeus Young,34,3,4.444,3.074,1.0,1610612761,0.778,0,235,16
6.0,0.583,15,1,1,1,5.167,5.083,1.417,18.667,7.75,0,3.583,3.0,12,12,200.7,400,0,1.0,2.833,Cade Cunningham,21,1,19.917,6.167,0.833,1610612765,3.25,0,220,0
0.796,0.315,8,1,-1,-1,2.426,2.019,0.685,4.0,1.722,0,0.519,0.241,54,54,195.6,969,0,1.056,1.519,Haywood Highsmith,26,3,4.37,3.481,0.667,1610612748,0.833,0,220,0
0.723,0.404,9,1,8,1,1.979,0.617,0.064,3.319,1.83,0,1.766,1.234,47,10,213.4,610,0,0.83,1.426,Jaxson Hayes,22,4,4.957,2.809,0.426,1610612740,0.66,0,220,4
2.391,0.13,11,1,26,1,1.522,2.065,0.739,3.609,1.696,0,1.196,0.913,46,4,193.0,833,1,0.326,1.196,George Hill,36,1,5.043,1.848,0.565,1610612754,0.739,0,188,15
0.771,0.667,6,1,29,1,2.104,0.229,0.125,3.562,1.938,0,1.146,0.729,48,48,205.7,553,0,2.062,1.854,Day'Ron Sharpe,21,5,4.729,4.167,0.312,1610612751,0.875,0,265,0
2.271,0.186,9,4,8,1,2.576,1.458,0.458,3.525,1.475,0,0.678,0.441,59,59,200.7,1042,0,0.61,1.678,Dyson Daniels,20,1,3.847,3.186,0.729,1610612740,0.966,0,199,0
2.316,0.123,14,1,-1,-1,1.404,2.456,0.702,4.158,1.421,0,0.632,0.421,57,57,193.0,914,0,0.316,1.035,Daishen Nix,21,1,3.965,1.719,0.544,1610612745,1.509,0,226,0
0.853,0.387,14,2,23,1,2.493,0.787,0.32,2.36,1.147,0,0.627,0.387,75,75,203.2,970,0,1.6,1.8,Usman Garuba,21,3,3.0,4.093,0.587,1610612745,0.627,0,229,0
0.884,0.791,4,1,23,1,2.419,1.233,0.465,4.256,1.93,0,1.628,0.884,43,6,205.7,616,1,0.791,1.023,Darius Bazley,22,3,5.209,3.209,0.512,1610612756,0.628,0,216,4
1.125,0.125,5,1,36,2,0.578,2.094,0.625,3.359,1.203,0,0.656,0.438,64,64,188.0,760,0,0.203,0.938,Miles McBride,22,1,3.469,0.781,0.578,1610612752,0.391,0,195,0
1.656,0.125,14,2,47,2,1.188,3.094,1.312,5.406,2.406,0,1.219,0.812,32,0,200.7,468,1,0.469,0.719,Svi Mykhailiuk,25,2,6.938,1.656,0.469,1610612766,0.75,0,205,5
1.405,0.811,11,2,-1,-1,2.838,3.027,1.054,4.568,2.081,0,1.027,0.73,37,17,208.3,930,0,0.811,2.297,Maxi Kleber,30,3,5.946,3.649,0.324,1610612742,0.73,0,240,6
0.607,0.232,13,1,57,2,1.482,1.0,0.286,3.536,1.482,0,0.804,0.607,56,56,200.7,619,0,0.857,1.232,Jabari Walker,20,3,3.857,2.339,0.179,1610612757,0.518,0,200,0
0.683,0.268,10,1,-1,-1,1.439,3.951,1.415,4.341,1.707,0,0.488,0.39,41,41,198.1,531,0,0.39,1.024,Lindy Waters III,25,3,5.22,1.829,0.341,1610612760,0.244,0,210,0
0.946,0.162,2,1,10,1,1.703,2.622,0.676,5.297,2.27,0,0.595,0.459,37,37,205.7,561,0,0.432,1.568,Ziaire Williams,21,3,5.676,2.135,0.378,1610612763,1.0,0,185,0
0.467,0.178,11,2,42,2,0.956,3.133,1.222,3.556,1.533,0,0.333,0.289,45,4,208.3,492,0,0.222,1.178,Davis Bertans,30,3,4.578,1.178,0.244,1610612742,0.222,0,225,7
0.841,0.477,4,1,-1,-1,2.955,2.886,1.023,4.023,1.659,0,0.523,0.341,44,0,205.7,892,0,0.455,2.023,Dean Wade,26,4,4.682,3.409,0.636,1610612739,0.386,0,228,4
0.891,0.413,11,1,-1,-1,1.087,3.109,1.0,4.435,1.674,0,0.174,0.109,46,0,198.1,706,1,0.109,1.478,Justin Holiday,33,2,4.457,1.196,0.413,1610612742,0.478,0,180,10
1.371,0.943,15,3,53,2,3.371,0.229,0.086,3.857,2.486,0,1.057,0.629,35,35,205.7,508,1,2.143,2.114,Charles Bassey,22,4,5.686,5.514,0.457,1610612759,1.171,0,230,0
0.872,0.59,1,1,35,2,3.846,0.026,0.026,2.949,2.256,0,1.231,0.564,39,9,210.8,586,1,1.333,1.821,DeAndre Jordan,34,5,5.103,5.179,0.308,1610612743,1.231,0,265,15
0.684,0.5,3,1,-1,-1,2.632,1.026,0.316,3.974,2.026,0,1.289,0.868,38,0,208.3,426,1,0.895,1.974,Dewayne Dedmon,33,5,5.237,3.526,0.237,1610612755,0.658,0,245,10
3.379,0.379,13,1,10,1,3.31,1.552,0.483,6.828,2.793,0,0.966,0.69,29,2,198.1,776,0,1.69,3.069,Justise Winslow,26,2,6.759,5.0,1.034,1610612757,1.483,0,222,8
0.576,0.203,12,1,-1,-1,1.051,0.492,0.068,2.237,1.203,0,1.136,0.831,59,59,203.2,625,0,0.627,1.186,Anthony Gill,30,3,3.305,1.678,0.119,1610612764,0.254,1,230,0
0.588,0.137,13,1,32,2,1.275,2.667,0.902,3.569,1.294,0,0.353,0.294,51,51,203.2,812,0,0.667,1.235,Caleb Houstan,20,1,3.784,1.941,0.235,1610612753,0.353,0,205,0
1.179,0.179,10,2,11,1,2.205,2.513,0.667,4.641,1.949,0,0.59,0.385,39,39,205.7,569,0,0.487,1.077,Ousmane Dieng,20,3,4.949,2.692,0.359,1610612760,0.667,0,185,0
1.206,0.147,14,1,11,1,1.882,3.206,0.971,5.676,2.029,0,0.882,0.588,34,34,193.0,515,0,0.235,1.441,James Bouknight,22,1,5.618,2.118,0.412,1610612766,0.941,0,190,0
1.475,0.15,13,1,21,1,0.825,2.025,0.7,4.45,1.675,0,1.025,0.675,40,40,190.5,416,0,0.275,1.075,Keon Johnson,21,1,4.725,1.1,0.475,1610612757,1.075,0,185,0
0.262,0.619,11,1,18,1,1.833,0.119,0.048,2.976,1.905,0,0.976,0.571,42,7,213.4,355,1,0.714,1.286,JaVale McGee,34,4,4.429,2.548,0.095,1610612742,0.857,0,270,15
2.649,0.135,15,1,25,1,1.892,1.405,0.541,5.811,1.865,0,1.189,0.703,37,37,193.0,669,0,0.324,1.811,Blake Wesley,20,1,4.973,2.216,0.676,1610612759,1.757,0,185,0
0.875,0.031,15,1,-1,-1,1.688,3.031,1.281,4.75,1.938,0,0.688,0.562,32,26,193.0,524,0,0.625,1.219,Rodney McGruder,31,1,5.719,2.312,0.5,1610612765,0.344,0,205,7
0.534,0.983,9,3,33,2,1.5,0.207,0.017,2.586,1.241,0,1.017,0.638,58,58,213.4,802,0,1.448,2.207,Christian Koloko,23,5,3.138,2.948,0.362,1610612761,0.345,0,230,0
0.643,0.071,8,1,52,2,1.071,1.393,0.5,4.143,2.25,0,1.857,1.464,28,28,208.3,243,1,1.179,1.536,Luka Garza,24,5,6.464,2.25,0.107,1610612750,0.5,0,243,0
0.654,0.25,1,1,-1,-1,1.519,2.385,0.75,3.077,1.115,0,0.538,0.462,52,30,195.6,820,0,0.654,1.365,Wesley Matthews,36,1,3.442,2.173,0.385,1610612749,0.346,0,220,14
0.481,0.538,5,1,58,2,2.75,0.019,0.0,2.058,1.596,0,0.308,0.231,52,52,208.3,812,0,1.904,1.846,Jericho Sims,24,5,3.423,4.654,0.288,1610612752,0.519,0,250,0
2.233,0.2,15,1,8,1,2.433,1.333,0.6,4.067,2.167,0,1.3,0.867,30,2,198.1,470,1,0.733,1.6,Stanley Johnson,26,2,5.8,3.167,0.533,1610612759,1.1,0,242,8
1.06,0.1,5,1,-1,-1,0.72,0.8,0.22,2.9,1.12,0,1.26,0.98,50,2,200.7,625,0,0.34,1.0,Amir Coffey,25,2,3.44,1.06,0.14,1610612746,0.42,0,210,4
0.905,0.167,5,1,45,2,2.048,1.429,0.429,3.69,1.595,0,0.976,0.476,42,0,203.2,474,1,0.5,1.262,Isaiah Roby,24,3,4.095,2.548,0.429,1610612752,0.738,0,230,4
3.485,0.182,4,2,5,1,1.848,2.485,0.636,5.394,1.848,0,1.061,0.848,33,24,188.0,566,1,0.273,1.545,Ricky Rubio,31,1,5.182,2.121,0.788,1610612739,0.939,0,190,11
1.488,0.22,2,1,1,1,2.634,1.61,0.561,3.171,1.537,0,0.78,0.512,41,41,205.7,569,1,1.146,1.829,Blake Griffin,33,3,4.146,3.78,0.341,1610612738,0.537,0,250,13
0.694,0.245,12,1,26,1,1.245,0.49,0.163,2.551,1.327,0,0.857,0.612,49,41,205.7,480,1,0.653,1.714,Taj Gibson,37,3,3.429,1.898,0.306,1610612764,0.531,1,232,14
1.026,0.684,13,5,18,1,2.0,0.684,0.158,3.289,1.816,0,1.105,0.605,38,1,210.8,457,1,1.605,1.684,Goga Bitadze,23,4,4.395,3.605,0.421,1610612753,0.579,0,250,4
1.333,0.111,5,2,20,1,1.667,4.222,1.296,6.148,2.074,0,0.778,0.667,27,2,198.1,459,0,0.148,1.704,Evan Fournier,30,2,6.111,1.815,0.593,1610612752,0.815,0,205,11
0.719,0.656,10,1,-1,-1,1.906,1.094,0.406,3.375,1.906,0,1.406,0.938,32,1,195.6,480,0,0.844,1.625,Javonte Green,29,2,5.156,2.75,0.75,1610612741,0.625,0,205,4
0.588,0.294,15,1,-1,-1,2.941,4.824,1.941,7.647,3.471,0,1.0,0.824,17,17,200.7,320,0,0.588,1.529,Julian Champagnie,21,3,9.706,3.529,0.353,1610612759,0.647,0,217,0
1.0,0.286,12,1,10,1,1.964,2.5,0.607,6.107,2.357,0,0.964,0.5,28,28,193.0,423,0,0.357,1.714,Johnny Davis,21,1,5.821,2.321,0.357,1610612764,0.607,0,195,0
3.442,0.093,8,1,-1,-1,1.093,1.814,0.558,3.372,1.419,0,0.419,0.349,43,2,182.9,679,0,0.349,0.651,Jordan McLaughlin,26,1,3.744,1.442,0.744,1610612750,0.767,0,185,4
0.326,0.652,14,1,19,1,1.87,0.413,0.087,2.609,1.457,0,0.565,0.413,46,46,210.8,550,0,0.804,1.413,Kai Jones,22,4,3.413,2.674,0.37,1610612766,0.674,0,221,0
1.646,0.083,4,6,47,2,0.75,0.875,0.25,2.292,1.188,0,0.708,0.646,48,31,188.0,505,1,0.208,1.021,Raul Neto,30,1,3.271,0.958,0.354,1610612739,0.5,0,180,8
0.838,0.135,13,2,42,2,1.054,2.0,0.649,3.297,1.486,0,0.622,0.568,37,2,195.6,451,0,0.622,1.649,Admiral Schofield,25,3,4.189,1.676,0.216,1610612753,0.432,0,241,3
1.25,0.192,12,1,-1,-1,1.846,0.827,0.154,2.75,1.231,0,0.462,0.365,52,52,198.1,700,1,0.538,1.538,Juan Toscano-Anderson,30,3,2.981,2.385,0.308,1610612762,0.654,0,209,0
0.111,0.389,6,1,-1,-1,2.278,0.0,0.0,2.667,1.694,0,2.0,0.917,36,0,218.4,294,1,1.583,1.083,Moses Brown,23,5,4.306,3.861,0.111,1610612751,0.417,0,245,4
0.629,0.0,1,1,-1,-1,1.114,3.0,1.257,3.571,1.514,0,0.114,0.114,35,35,195.6,345,0,0.171,0.886,AJ Green,23,1,4.4,1.286,0.171,1610612749,0.257,0,190,0
0.795,0.872,7,3,34,2,2.128,0.103,0.0,2.872,1.513,0,1.282,0.897,39,9,208.3,405,1,1.385,1.897,Bruno Fernando,24,4,3.923,3.513,0.154,1610612737,0.641,0,240,4
1.704,0.185,5,1,1,1,1.185,2.333,0.704,5.889,2.259,0,0.444,0.407,27,26,190.5,338,0,0.296,0.667,Derrick Rose,34,1,5.63,1.481,0.259,1610612752,0.815,0,200,14
2.68,0.04,4,1,38,2,1.28,1.2,0.44,4.84,1.96,0,2.28,1.68,25,25,188.0,374,1,0.52,1.28,Saben Lee,24,1,6.04,1.8,0.76,1610612756,0.96,0,183,0
1.516,0.065,14,1,29,1,1.387,2.581,0.613,5.161,1.871,0,0.581,0.323,31,31,190.5,433,0,0.065,0.935,TyTy Washington Jr.,21,1,4.677,1.452,0.484,1610612745,0.452,0,195,0
0.909,0.0,5,1,51,2,1.045,1.318,0.545,5.545,2.318,0,1.727,1.318,22,22,198.1,248,0,0.318,0.955,Brandon Boston Jr.,21,1,6.5,1.364,0.409,1610612746,0.545,0,188,0
1.161,0.419,9,1,46,2,1.097,1.645,0.484,4.194,1.774,0,0.774,0.548,31,31,200.7,279,0,0.355,1.097,Dalano Banton,23,3,4.581,1.452,0.419,1610612761,0.581,0,204,0
0.366,0.512,12,1,30,1,1.951,0.415,0.244,2.098,1.341,0,0.707,0.537,41,0,210.8,477,1,1.024,1.341,Damian Jones,27,5,3.463,2.976,0.195,1610612762,0.561,0,245,7
0.471,0.147,13,1,-1,-1,1.235,1.265,0.471,3.147,1.382,0,1.206,0.912,34,34,198.1,457,0,0.824,1.559,Kevon Harris,26,1,4.147,2.059,0.5,1610612753,0.618,0,216,0
0.595,0.081,3,5,26,1,0.973,1.243,0.486,3.0,1.297,0,0.973,0.703,37,0,200.7,353,0,0.162,0.486,Furkan Korkmaz,25,2,3.784,1.135,0.27,1610612755,0.649,0,202,6
0.342,0.158,8,1,-1,-1,0.895,0.579,0.211,2.132,1.211,0,1.5,1.026,38,38,203.2,291,0,0.579,1.079,Nathan Knight,25,4,3.658,1.474,0.263,1610612750,0.553,0,253,0
1.234,0.149,11,2,8,1,1.17,1.426,0.362,2.809,1.021,0,0.702,0.468,47,5,193.0,608,0,0.149,1.383,Frank Ntilikina,24,1,2.872,1.319,0.34,1610612742,0.617,0,200,6
0.886,0.143,11,1,13,1,1.657,2.029,0.8,3.286,1.343,0,0.286,0.286,35,3,205.7,355,1,0.371,1.371,Markieff Morris,33,3,3.771,2.029,0.257,1610612742,0.514,0,245,12
0.214,0.262,3,1,37,2,1.214,0.19,0.119,2.119,1.31,0,0.452,0.357,42,0,203.2,348,0,0.69,1.19,Richaun Holmes,29,3,3.095,1.905,0.071,1610612758,0.333,0,235,8
1.37,0.407,13,1,16,1,2.593,3.185,0.963,4.519,1.593,0,0.778,0.593,27,27,203.2,518,0,0.963,1.481,Chuma Okeke,24,3,4.741,3.556,0.704,1610612753,0.63,0,229,0
0.512,0.171,7,1,35,2,1.659,1.512,0.634,2.585,1.073,0,0.39,0.341,41,41,195.6,512,0,0.171,0.805,Max Christie,20,1,3.122,1.829,0.22,1610612747,0.317,0,190,0
0.306,0.417,12,3,27,1,2.444,0.0,0.0,2.0,1.639,0,0.556,0.194,36,36,210.8,359,0,0.861,0.944,Udoka Azubuike,23,4,3.472,3.306,0.167,1610612762,0.5,0,270,0
1.5,0.333,1,1,34,2,2.889,3.056,1.333,5.222,2.5,0,0.667,0.556,18,3,198.1,340,1,0.944,1.5,Jae Crowder,31,3,6.889,3.833,0.667,1610612749,0.389,0,235,10
0.595,0.143,9,2,15,1,2.286,1.595,0.405,2.714,1.143,0,0.381,0.214,42,6,205.7,614,1,0.643,1.024,Juancho Hernangomez,27,3,2.905,2.929,0.381,1610612761,0.357,0,214,7
0.471,0.029,8,1,-1,-1,0.647,2.471,0.941,3.176,1.176,0,0.353,0.294,34,34,198.1,310,1,0.118,0.794,Matt Ryan,26,3,3.588,0.765,0.147,1610612750,0.206,0,215,0
0.355,0.129,6,1,28,1,1.258,2.71,1.032,3.516,1.387,0,0.194,0.129,31,31,205.7,226,0,0.032,0.452,Patrick Baldwin Jr.,20,3,3.935,1.29,0.194,1610612744,0.355,1,220,0
1.71,0.452,15,3,21,1,2.581,2.419,0.677,3.774,1.452,0,0.419,0.323,31,7,208.3,358,1,0.871,1.839,Gorgui Dieng,32,5,3.903,3.452,0.129,1610612759,1.032,0,248,10
0.833,0.083,2,1,-1,-1,1.333,0.708,0.25,3.875,2.042,0,1.125,0.667,24,24,198.1,176,0,0.792,1.167,Kenneth Lofton Jr.,20,3,5.0,2.125,0.208,1610612763,0.5,0,275,0
0.806,0.387,8,1,-1,-1,2.516,0.194,0.0,2.871,1.516,0,1.0,0.71,31,31,208.3,425,0,1.548,1.71,Orlando Robinson,22,5,3.742,4.065,0.387,1610612748,0.516,0,235,0
0.92,0.08,9,1,13,1,1.12,1.36,0.6,3.52,1.6,0,0.88,0.76,25,25,185.4,235,0,0.2,0.96,Kira Lewis Jr.,22,1,4.56,1.32,0.4,1610612740,0.4,0,170,0
2.148,0.185,11,1,-1,-1,1.407,1.037,0.333,3.63,1.704,0,0.704,0.481,27,27,180.3,335,1,0.333,0.889,McKinley Wright IV,24,1,4.222,1.741,0.296,1610612742,0.704,0,192,0
0.514,0.216,4,1,15,1,0.757,0.108,0.054,2.027,1.297,0,0.486,0.378,37,4,213.4,299,1,0.622,1.162,Robin Lopez,34,5,3.027,1.378,0.054,1610612739,0.676,0,281,15
0.857,0.679,15,1,-1,-1,2.0,0.143,0.0,3.071,1.643,0,0.893,0.643,28,28,205.7,408,0,1.643,2.0,Dominick Barlow,20,3,3.929,3.643,0.357,1610612759,0.536,0,215,0
2.326,0.163,1,1,-1,-1,1.14,0.279,0.047,3.047,1.209,0,0.093,0.047,43,4,182.9,398,1,0.116,0.767,Ish Smith,34,1,2.512,1.256,0.186,1610612743,1.023,0,175,13
0.6,0.114,2,1,19,1,1.257,2.029,0.686,2.714,1.057,0,0.257,0.2,35,35,200.7,414,0,0.543,1.4,Jake LaRavia,21,3,3.0,1.8,0.343,1610612763,0.514,0,235,0
0.29,0.065,14,2,-1,-1,1.29,0.032,0.0,1.935,1.323,0,0.871,0.645,31,2,223.5,171,1,0.645,0.323,Boban Marjanovic,34,5,3.29,1.935,0.161,1610612745,0.452,0,290,8
1.364,0.227,6,1,-1,-1,2.045,1.182,0.591,3.136,1.864,0,0.318,0.273,22,0,188.0,368,0,1.091,1.955,Gary Payton II,29,1,4.591,3.136,1.0,1610612744,0.727,0,195,6
0.639,0.167,3,1,44,2,1.056,1.528,0.472,2.583,1.0,0,0.417,0.306,36,36,200.7,386,1,0.639,1.111,Kessler Edwards,22,3,2.778,1.694,0.389,1610612758,0.361,0,203,0
0.667,0.267,8,1,4,1,2.6,0.133,0.0,3.933,2.467,0,2.333,1.6,15,0,210.8,217,1,1.667,2.2,Cody Zeller,29,4,6.533,4.267,0.2,1610612748,0.933,0,240,9
0.667,0.056,8,1,-1,-1,2.056,1.111,0.389,3.667,2.056,0,1.222,0.944,18,18,198.1,240,0,0.833,1.167,Jamal Cain,24,3,5.444,2.889,0.611,1610612748,0.333,0,191,0
1.15,0.025,11,1,-1,-1,1.325,1.55,0.55,2.175,0.775,0,0.325,0.275,40,0,200.7,323,0,0.25,0.85,Theo Pinson,27,2,2.375,1.575,0.15,1610612742,0.3,0,212,5
8.333,0.167,13,1,50,2,2.833,4.333,2.0,11.333,5.667,0,2.167,2.0,6,6,193.0,189,1,0.333,1.833,Skylar Mays,25,1,15.333,3.167,1.0,1610612757,1.667,0,205,0
0.68,0.08,8,1,-1,-1,0.44,1.84,0.56,3.32,1.2,0,0.6,0.6,25,0,188.0,268,1,0.16,0.88,Bryn Forbes,29,1,3.56,0.6,0.28,1610612750,0.48,0,205,7
0.535,0.093,7,1,32,2,1.14,1.07,0.395,1.953,0.651,0,0.558,0.372,43,43,195.6,343,1,0.233,0.907,Davon Reed,28,1,2.07,1.372,0.349,1610612747,0.465,0,206,0
0.889,0.111,14,1,9,1,1.25,0.917,0.361,1.75,0.861,0,0.444,0.389,36,1,213.4,235,1,0.194,0.611,Frank Kaminsky,29,4,2.472,1.444,0.167,1610612745,0.25,0,240,8
0.323,0.194,10,1,-1,-1,0.645,0.613,0.161,2.419,1.258,0,0.355,0.194,31,31,193.0,263,1,0.871,0.839,Terry Taylor,23,3,2.871,1.516,0.097,1610612741,0.29,0,230,0
0.444,0.167,12,1,-1,-1,1.722,3.5,0.833,5.778,1.944,0,0.222,0.111,18,18,198.1,232,0,0.444,0.722,Johnny Juzang,22,1,4.833,2.167,0.222,1610612762,0.167,0,209,0
0.579,0.132,10,1,18,1,0.658,0.711,0.184,1.895,0.842,0,0.553,0.368,38,38,200.7,214,0,0.316,0.632,Dalen Terry,20,3,2.237,0.974,0.289,1610612741,0.211,0,195,0
0.913,0.043,6,1,-1,-1,0.783,0.522,0.043,3.391,1.565,0,0.739,0.522,23,23,193.0,228,0,0.478,1.348,David Duke Jr.,23,1,3.696,1.261,0.435,1610612751,0.783,0,204,0
0.667,0.133,8,2,27,1,1.467,2.333,0.533,4.6,1.867,0,1.267,1.2,15,15,208.3,204,0,0.6,1.267,Nikola Jovic,20,3,5.467,2.067,0.467,1610612748,0.667,0,205,0
1.611,0.139,2,1,38,2,0.806,0.417,0.056,2.306,0.972,0,0.361,0.167,36,36,180.3,282,0,0.25,0.417,Kennedy Chandler,20,1,2.167,1.056,0.333,1610612763,0.5,0,170,0
0.478,0.478,1,1,30,1,1.261,0.609,0.261,2.565,1.261,0,0.87,0.478,23,23,200.7,186,0,0.348,0.609,Peyton Watson,20,1,3.261,1.609,0.087,1610612743,0.348,0,200,0
2.111,0.222,11,1,9,1,1.444,3.111,0.778,6.333,2.667,0,2.333,1.889,9,3,182.9,144,1,0.333,1.222,Kemba Walker,32,1,8.0,1.778,0.222,1610612742,0.444,0,184,12
2.143,0.286,12,2,19,1,4.286,4.429,1.143,8.143,3.714,0,1.857,1.286,7,2,208.3,161,0,0.0,2.429,Luka Samanic,21,3,9.857,4.286,0.857,1610612762,1.429,0,227,2
0.25,0.438,1,3,24,1,1.812,1.125,0.375,3.375,1.625,0,0.812,0.5,16,0,210.8,185,0,0.938,1.438,Serge Ibaka,33,3,4.125,2.75,0.125,1610612749,0.688,0,235,14
0.545,0.273,4,1,46,2,1.0,3.364,1.455,4.455,2.0,0,0.091,0.091,11,0,198.1,139,1,0.273,1.455,Danny Green,35,1,5.545,1.273,0.545,1610612739,0.909,0,215,13
1.24,0.12,9,1,-1,-1,0.68,0.64,0.2,2.28,1.0,0,0.36,0.24,25,25,190.5,259,1,0.24,0.52,Jeff Dowtin Jr.,26,1,2.44,0.92,0.36,1610612761,0.2,0,177,0
0.182,0.364,5,2,43,2,0.864,0.091,0.045,2.136,1.091,0,0.727,0.455,22,22,208.3,195,0,1.409,0.682,Moussa Diabate,21,3,2.682,2.273,0.318,1610612746,0.409,0,210,0
0.364,0.409,4,3,-1,-1,1.0,0.955,0.318,2.273,1.091,0,0.091,0.091,22,22,205.7,176,1,0.364,1.182,Mamadi Diakite,26,3,2.591,1.364,0.182,1610612739,0.545,0,228,0
0.133,0.0,11,1,-1,-1,1.0,1.667,0.667,2.933,1.467,0,0.533,0.133,15,15,198.1,108,0,0.4,0.733,A.J. Lawson,22,1,3.733,1.4,0.133,1610612742,0.2,0,179,0
1.667,0.111,12,1,-1,-1,0.667,1.333,0.111,4.667,2.111,0,2.444,1.889,9,9,195.6,135,0,0.222,1.111,Quenton Jackson,24,1,6.222,0.889,0.444,1610612764,0.444,1,173,0
0.545,0.364,13,1,6,1,2.636,1.364,0.545,4.818,2.0,0,0.818,0.455,11,4,208.3,124,0,1.364,0.455,Jonathan Isaac,22,3,5.0,4.0,1.273,1610612753,0.364,0,230,3
2.0,0.4,13,1,-1,-1,1.0,1.6,0.6,7.8,4.8,0,0.6,0.4,5,5,195.6,127,0,2.0,2.6,Jeenathan Williams,24,1,10.6,3.0,0.6,1610612757,0.8,0,205,0
1.652,0.087,7,1,-1,-1,1.391,0.087,0.0,2.609,1.087,0,0.13,0.087,23,23,193.0,277,1,0.217,0.739,Trent Forrest,25,1,2.261,1.609,0.304,1610612737,0.652,0,210,0
0.833,0.333,11,1,16,1,1.444,0.833,0.167,2.722,1.222,0,0.444,0.222,18,3,200.7,162,1,0.222,1.778,James Johnson,35,3,2.833,1.667,0.389,1610612754,0.444,0,240,14
1.429,0.571,12,1,-1,-1,2.143,1.714,0.857,3.571,2.143,0,2.286,2.143,7,7,215.9,95,1,0.857,2.143,Jay Huff,25,5,7.286,3.0,0.429,1610612764,0.714,1,240,0
0.405,0.081,1,2,51,2,0.784,0.216,0.0,1.243,0.541,0,0.595,0.297,37,0,200.7,206,0,0.405,0.595,Thanasis Antetokounmpo,30,3,1.378,1.189,0.081,1610612749,0.324,0,219,5
0.52,0.08,9,1,-1,-1,0.48,1.04,0.44,1.8,0.72,0,0.16,0.12,25,0,198.1,162,0,0.2,0.6,Garrett Temple,36,2,2.0,0.68,0.36,1610612740,0.16,0,195,13
2.0,0.286,1,1,-1,-1,1.0,2.571,0.857,5.286,2.571,0,1.286,1.143,7,7,185.4,87,0,0.0,1.0,Lindell Wigginton,25,1,7.143,1.0,0.0,1610612749,1.714,0,189,0
1.286,0.857,11,2,-1,-1,2.143,1.571,0.286,6.286,3.0,0,1.714,0.714,7,0,203.2,109,1,1.0,1.0,Daniel Theis,30,4,7.0,3.143,0.286,1610612754,0.429,0,245,5
1.281,0.0,3,4,-1,-1,0.375,0.844,0.281,1.562,0.531,0,0.219,0.125,32,1,190.5,213,0,0.031,0.625,Matthew Dellavedova,32,1,1.469,0.406,0.219,1610612758,0.312,0,200,9
0.333,0.4,8,1,45,2,1.333,0.4,0.133,2.4,1.2,0,0.533,0.533,15,15,203.2,96,0,0.333,0.667,Josh Minott,20,3,3.067,1.667,0.267,1610612750,0.2,0,205,0
0.371,0.2,3,1,32,2,0.771,0.6,0.2,1.086,0.457,0,0.229,0.2,35,0,203.2,248,1,0.2,1.114,KZ Okpala,23,2,1.314,0.971,0.2,1610612758,0.2,0,215,4
0.286,0.071,15,1,-1,-1,1.857,1.429,0.357,3.143,1.214,0,0.429,0.429,14,14,198.1,198,0,0.786,1.643,Jared Rhoden,23,1,3.214,2.643,0.286,1610612765,0.214,0,210,0
0.579,0.474,13,1,-1,-1,0.737,1.842,0.421,2.789,0.895,0,0.211,0.158,19,19,213.4,221,0,0.158,1.158,John Butler Jr.,20,3,2.368,0.895,0.368,1610612757,0.053,0,190,0
1.467,0.267,6,1,-1,-1,1.467,1.267,0.333,3.0,1.2,0,0.2,0.2,15,15,190.5,158,0,0.133,1.533,Dru Smith,25,1,2.933,1.6,0.667,1610612751,0.2,0,203,0
0.6,0.2,7,1,6,1,2.8,1.2,0.1,4.3,1.7,0,1.3,0.9,10,5,198.1,137,1,1.0,1.4,Jarrett Culver,23,2,4.4,3.8,0.6,1610612737,0.7,0,195,4
1.0,0.0,9,1,3,1,1.625,2.125,0.75,3.75,1.875,0,1.0,1.0,8,0,203.2,146,1,0.75,0.875,Otto Porter Jr.,29,3,5.5,2.375,1.375,1610612761,0.5,0,198,10
6.0,0.4,7,1,-1,-1,4.2,2.0,0.6,7.2,3.0,0,3.0,2.2,5,0,193.0,120,1,0.2,2.4,Shaquille Harrison,28,1,8.8,4.4,2.2,1610612747,1.2,0,195,5
0.462,0.423,3,2,5,1,1.385,0.077,0.0,1.154,0.615,0,0.615,0.423,26,1,218.4,161,0,0.923,1.077,Alex Len,29,5,1.654,2.308,0.154,1610612758,0.615,0,250,10
0.35,0.25,15,1,-1,-1,0.85,0.1,0.05,1.6,0.95,0,0.25,0.2,20,0,203.2,162,1,0.4,1.2,Khem Birch,30,5,2.15,1.25,0.25,1610612759,0.4,0,233,6
0.111,0.0,1,1,11,1,2.444,2.0,0.778,3.222,1.556,0,1.0,0.889,9,1,213.4,114,0,1.333,1.778,Meyers Leonard,29,4,4.778,3.778,0.222,1610612749,0.667,0,260,9
0.5,0.188,3,1,28,1,0.5,0.312,0.125,2.188,1.062,0,0.5,0.375,16,16,193.0,89,0,0.375,0.938,Jaden Springer,20,1,2.625,0.875,0.438,1610612755,0.188,0,202,0
0.621,0.172,8,1,26,1,0.483,0.586,0.069,1.483,0.621,0,0.172,0.138,29,29,195.6,153,0,0.138,0.448,Wendell Moore Jr.,21,1,1.448,0.621,0.276,1610612750,0.276,0,215,0
1.929,0.0,5,1,33,2,1.429,1.286,0.357,2.929,1.286,0,0.143,0.0,14,14,190.5,124,0,0.143,0.5,Jason Preston,23,1,2.929,1.571,0.143,1610612746,0.714,0,181,0
0.222,0.222,8,5,-1,-1,1.667,0.778,0.333,3.0,1.778,0,0.667,0.556,9,9,210.8,83,0,0.889,1.778,Omer Yurtseven,25,5,4.444,2.556,0.222,1610612748,0.444,0,275,0
0.6,0.4,12,4,-1,-1,2.2,0.1,0.0,2.8,1.7,0,1.0,0.4,10,10,203.2,126,0,1.6,1.3,Xavier Cooks,27,3,3.8,3.8,0.6,1610612764,0.8,1,183,0
1.333,0.0,10,1,40,2,0.5,2.333,1.167,5.333,2.5,0,0.0,0.0,6,6,190.5,77,1,0.167,0.833,Jared Butler,22,1,6.167,0.667,0.833,1610612760,0.833,0,193,0
0.444,0.556,10,2,-1,-1,2.111,0.889,0.111,3.333,1.667,0,0.778,0.556,9,9,210.8,114,0,1.333,1.889,Olivier Sarr,24,5,4.0,3.444,0.111,1610612760,0.444,0,240,0
0.586,0.034,7,2,37,2,0.69,0.724,0.172,1.276,0.517,0,0.069,0.034,29,29,203.2,165,1,0.207,0.586,Vit Krejci,23,1,1.241,0.897,0.172,1610612737,0.172,0,195,0
1.571,0.143,14,1,36,2,2.286,2.0,0.429,5.143,2.0,0,1.0,0.571,7,0,198.1,134,0,1.143,1.857,Cody Martin,27,3,5.0,3.429,0.571,1610612766,0.286,0,205,4
0.588,0.588,6,1,6,1,2.118,0.118,0.059,2.118,0.765,0,0.706,0.471,17,16,208.3,195,1,0.588,1.882,Nerlens Noel,28,4,2.059,2.706,0.941,1610612751,0.765,0,220,9
0.25,0.25,4,1,49,2,1.333,0.667,0.25,2.333,1.0,0,0.333,0.333,12,12,203.2,84,0,0.333,0.667,Isaiah Mobley,23,3,2.583,1.667,0.333,1610612739,0.083,0,238,0
0.267,0.133,2,1,47,2,0.733,1.867,0.267,2.667,0.8,0,0.133,0.133,15,15,193.0,105,0,0.267,0.8,Vince Williams Jr.,22,1,2.0,1.0,0.4,1610612763,0.333,0,205,0
0.188,0.312,13,1,43,2,1.062,0.438,0.062,1.75,0.688,0,0.75,0.312,16,16,200.7,93,0,0.125,0.812,Greg Brown III,21,3,1.75,1.188,0.25,1610612757,0.375,0,206,0
1.222,0.0,15,1,-1,-1,1.0,1.667,0.333,3.111,1.0,0,1.0,0.778,9,9,200.7,83,0,0.333,0.667,Jordan Hall,21,1,3.111,1.333,0.111,1610612759,0.778,0,215,0
4.5,0.5,15,1,12,1,2.75,3.0,0.75,6.5,2.25,0,2.25,1.75,4,4,198.1,93,0,0.5,2.0,Joshua Primo,20,1,7.0,3.25,0.25,1610612759,2.75,0,189,0
0.0,0.286,8,1,-1,-1,1.0,1.286,0.429,4.143,1.429,0,0.714,0.571,7,2,200.7,72,0,0.571,1.571,Udonis Haslem,42,3,3.857,1.571,0.143,1610612748,0.143,0,235,20
1.15,0.0,13,1,-1,-1,0.75,1.15,0.4,1.85,0.45,0,0.0,0.0,20,0,190.5,172,1,0.0,0.85,Ryan Arcidiacono,28,1,1.3,0.75,0.25,1610612757,0.35,0,195,6
4.5,0.0,3,1,-1,-1,3.5,5.5,2.0,10.0,4.5,0,2.5,1.5,2,2,188.0,41,1,1.5,1.5,Mac McClung,24,1,12.5,5.0,0.0,1610612755,1.5,0,185,0
0.304,0.348,2,1,9,1,1.304,0.174,0.043,1.043,0.478,0,0.087,0.087,23,0,208.3,172,0,0.783,1.522,Noah Vonleh,27,3,1.087,2.087,0.087,1610612738,0.478,0,257,8
1.0,0.0,4,1,60,2,1.8,3.6,1.0,4.4,1.8,0,0.4,0.4,5,5,193.0,59,1,0.0,0.6,Sam Merrill,27,1,5.0,1.8,0.8,1610612739,0.0,0,205,0
1.667,0.0,11,1,-1,-1,2.0,6.0,2.0,7.0,2.667,0,0.667,0.667,3,3,190.5,56,0,0.0,1.667,Gabe York,29,1,8.0,2.0,0.667,1610612754,0.0,0,190,0
0.375,0.062,3,1,-1,-1,0.25,0.75,0.375,1.0,0.438,0,0.438,0.25,16,16,190.5,71,0,0.25,0.625,Keon Ellis,23,1,1.5,0.5,0.312,1610612758,0.062,0,175,0
0.571,0.0,12,1,-1,-1,1.857,1.0,0.571,2.143,1.429,0,0.0,0.0,7,7,203.2,52,1,0.429,0.714,Micah Potter,25,5,3.429,2.286,0.143,1610612762,0.286,0,248,0
0.5,0.083,6,1,44,2,0.75,0.75,0.25,1.667,0.583,0,0.5,0.5,12,12,190.5,62,0,0.25,0.833,Ryan Rollins,20,1,1.917,1.0,0.083,1610612744,1.333,1,180,0
0.75,0.5,12,1,50,2,1.25,2.25,1.0,3.5,2.0,0,0.5,0.5,4,0,195.6,39,0,0.25,0.75,Jarrell Brantley,25,3,5.5,1.5,0.0,1610612762,0.5,0,250,2
0.625,0.062,3,1,-1,-1,0.812,1.0,0.125,2.062,0.625,0,0.0,0.0,16,0,198.1,79,1,0.062,0.438,PJ Dozier,25,2,1.375,0.875,0.375,1610612758,0.312,0,205,5
0.235,0.118,1,4,-1,-1,0.647,0.529,0.176,1.118,0.471,0,0.176,0.118,17,17,200.7,66,0,0.353,0.529,Jack White,25,3,1.235,1.0,0.176,1610612743,0.118,0,225,0
0.857,0.714,11,1,-1,-1,1.286,2.143,0.286,4.143,1.0,0,0.714,0.714,7,7,198.1,70,1,1.143,0.571,Trevelin Queen,26,1,3.0,2.429,0.286,1610612754,1.0,0,190,0
0.125,0.0,7,1,51,2,0.438,0.438,0.062,1.438,0.562,0,0.125,0.125,16,16,198.1,66,0,0.312,0.125,Tyrese Martin,24,1,1.312,0.75,0.062,1610612737,0.125,0,215,0
0.857,0.0,10,1,-1,-1,0.571,0.857,0.429,2.143,0.857,0,1.143,0.714,7,7,182.9,56,1,0.143,0.286,Carlik Jones,25,1,2.857,0.714,0.286,1610612741,0.286,0,174,0
0.391,0.174,2,1,15,1,0.652,0.87,0.217,1.174,0.304,0,0.087,0.043,23,13,203.2,107,1,0.087,0.304,Justin Jackson,27,3,0.87,0.739,0.174,1610612738,0.087,0,220,6
2.0,0.0,3,1,-1,-1,2.0,8.0,4.0,13.0,8.0,0,1.0,0.0,1,0,200.7,29,1,2.0,4.0,Louis King,23,3,20.0,4.0,1.0,1610612755,2.0,0,205,3
0.444,0.111,9,1,-1,-1,0.444,1.0,0.333,1.778,0.889,0,0.111,0.111,9,9,195.6,48,0,0.333,0.333,Ron Harper Jr.,23,3,2.222,0.778,0.0,1610612761,0.0,0,245,0
0.917,0.167,2,1,53,2,0.583,0.583,0.167,1.583,0.667,0,0.167,0.083,12,12,185.4,66,0,0.167,0.417,JD Davison,20,1,1.583,0.75,0.167,1610612738,0.333,0,195,0
0.083,0.083,10,1,28,1,0.833,0.417,0.25,1.0,0.5,0,0.333,0.333,12,0,210.8,33,0,0.083,0.167,Tony Bradley,24,4,1.583,0.917,0.083,1610612741,0.083,0,248,6
2.375,0.375,6,1,9,1,1.75,1.125,0.125,1.875,0.875,0,0.375,0.25,8,8,198.1,113,0,0.375,1.375,Andre Iguodala,38,2,2.125,2.125,0.5,1610612744,1.125,0,215,18
1.0,1.25,13,1,-1,-1,3.0,3.0,0.75,5.75,1.75,0,0.25,0.0,4,4,200.7,89,0,0.75,2.25,Justin Minaya,24,3,4.25,3.75,0.5,1610612757,1.0,0,210,0
1.75,0.25,13,1,11,1,1.0,0.75,0.25,3.5,1.5,0,1.75,1.0,4,4,195.6,44,0,0.25,1.25,Michael Carter-Williams,29,1,4.25,1.25,0.25,1610612753,1.0,0,190,8
1.25,0.25,14,1,-1,-1,1.25,1.5,0.75,2.5,1.25,0,1.0,1.0,4,4,195.6,48,1,0.0,1.75,Xavier Sneed,25,3,4.25,1.25,0.0,1610612766,0.75,0,215,0
0.4,0.0,15,1,-1,-1,0.4,2.5,0.4,2.7,0.5,0,0.2,0.2,10,10,198.1,90,0,0.2,0.6,Buddy Boeheim,23,3,1.6,0.6,0.2,1610612765,0.0,0,205,0
7.0,1.0,6,1,59,2,6.0,5.0,2.0,12.0,6.0,0,2.0,2.0,1,1,200.7,35,0,3.0,5.0,RaiQuan Gray,23,3,16.0,9.0,0.0,1610612751,4.0,0,269,0
0.25,0.25,14,1,-1,-1,1.25,2.5,0.75,3.0,1.25,0,0.5,0.5,4,4,200.7,25,0,0.25,0.5,Darius Days,23,3,3.75,1.5,0.0,1610612745,0.0,0,245,0
0.8,0.4,12,1,-1,-1,1.0,1.2,0.4,2.8,1.2,0,0.4,0.2,5,5,188.0,71,0,0.2,1.2,Jamaree Bouyea,24,1,3.0,1.2,0.8,1610612764,0.8,0,180,0
0.333,0.167,7,1,-1,-1,0.333,0.5,0.167,2.0,0.667,0,1.5,0.833,6,6,185.4,32,0,0.333,0.5,Scotty Pippen Jr.,22,1,2.333,0.667,0.333,1610612747,0.333,0,170,0
0.5,0.0,13,1,55,2,3.0,1.0,1.0,3.5,2.5,0,1.0,0.5,2,2,195.6,30,1,0.0,1.0,Jay Scrubb,22,1,6.5,3.0,1.0,1610612753,1.5,0,220,0
0.2,0.4,3,2,39,2,1.2,0.0,0.0,1.8,1.2,0,0.4,0.0,5,5,213.4,29,0,1.0,1.4,Neemias Queta,23,5,2.4,2.2,0.0,1610612758,0.2,0,248,0
0.8,0.0,2,1,-1,-1,1.0,1.0,0.2,3.0,1.0,0,0.0,0.0,5,5,198.1,34,1,0.6,0.4,Justin Champagnie,21,2,2.2,1.6,0.2,1610612738,0.0,0,206,0
1.125,0.0,11,6,-1,-1,0.25,1.375,0.375,1.625,0.375,0,0.25,0.125,8,8,177.8,52,1,0.0,0.375,Facundo Campazzo,32,1,1.25,0.25,0.75,1610612742,0.375,0,195,0
0.5,0.0,6,1,-1,-1,0.5,1.0,0.5,1.25,0.5,0,1.5,1.0,4,4,193.0,18,0,0.25,0.0,Lester Quinones,22,1,2.5,0.75,0.25,1610612744,1.25,0,208,0
0.571,0.0,7,1,-1,-1,0.857,1.143,0.429,1.286,0.429,0,0.0,0.0,7,7,205.7,41,0,0.143,0.429,Cole Swider,24,3,1.286,1.0,0.0,1610612747,0.0,0,220,0
0.667,0.0,12,1,31,2,1.667,1.667,0.167,3.167,0.5,0,0.333,0.333,6,6,205.7,61,0,0.333,0.667,Isaiah Todd,21,3,1.5,2.0,0.167,1610612764,0.333,0,219,0
0.333,0.0,9,1,41,2,0.444,1.333,0.333,1.556,0.333,0,0.0,0.0,9,9,198.1,50,1,0.0,0.333,Joe Wieskamp,23,2,1.0,0.444,0.0,1610612761,0.111,0,205,0
0.5,0.0,11,1,48,2,0.667,0.167,0.0,1.167,0.667,0,0.333,0.167,6,6,200.7,40,0,0.333,1.5,Kendall Brown,20,1,1.5,1.0,0.667,1610612754,0.333,0,205,0
0.6,0.0,14,1,-1,-1,0.0,1.6,0.4,1.8,0.4,0,0.6,0.6,5,5,182.9,28,0,0.0,0.2,Trevor Hudgins,24,1,1.8,0.0,0.0,1610612745,0.2,0,180,0
0.0,0.0,11,1,41,2,0.333,0.667,0.333,1.667,1.333,0,0.0,0.0,3,3,193.0,8,0,0.333,0.0,Tyler Dorsey,27,1,3.0,0.667,0.0,1610612742,0.0,0,180,0
0.25,0.0,15,1,50,2,2.0,0.5,0.0,1.5,0.75,0,0.5,0.25,4,0,203.2,30,1,0.5,0.75,Alize Johnson,26,3,1.75,2.5,0.25,1610612759,1.0,0,212,5
0.0,1.0,13,1,-1,-1,1.0,0.0,0.0,5.0,3.0,0,4.0,1.0,1,1,208.3,21,0,2.0,0.0,Chance Comanche,27,5,7.0,3.0,0.0,1610612757,0.0,0,210,0
1.25,0.0,5,1,-1,-1,0.75,0.75,0.25,2.25,0.75,0,0.0,0.0,4,4,182.9,20,0,0.0,0.5,Xavier Moon,28,1,1.75,0.75,0.0,1610612746,0.25,0,165,0
0.5,0.071,12,6,23,1,0.214,0.286,0.0,1.429,0.214,0,0.0,0.0,14,14,198.1,68,1,0.286,0.714,Leandro Bolmaro,22,3,0.429,0.5,0.214,1610612762,0.5,0,200,0
0.0,0.0,10,2,44,2,0.143,0.571,0.143,1.0,0.286,0,0.286,0.143,7,7,213.4,20,0,0.143,0.714,Marko Simonovic,23,5,0.857,0.286,0.0,1610612741,0.0,0,220,0
0.0,0.0,2,1,27,1,1.25,0.75,0.0,1.75,0.5,0,0.5,0.5,4,0,208.3,36,0,1.25,0.75,Mfiondu Kabengele,25,5,1.5,2.5,0.5,1610612738,0.25,0,250,3
0.273,0.182,12,1,32,2,0.727,0.0,0.0,0.727,0.182,0,0.182,0.182,11,11,208.3,28,1,0.273,0.455,Vernon Carey Jr.,22,5,0.545,1.0,0.182,1610612762,0.182,0,270,0
0.333,0.0,4,1,26,1,0.0,0.667,0.333,1.0,0.667,0,0.0,0.0,3,0,200.7,10,0,0.0,0.0,Dylan Windler,25,2,1.667,0.0,0.333,1610612739,0.333,0,196,2
1.0,0.4,14,1,-1,-1,0.6,1.0,0.2,1.2,0.2,0,0.4,0.4,5,1,195.6,28,0,0.2,0.0,Kobi Simmons,21,1,1.0,0.8,0.0,1610612766,0.2,0,180,2
0.0,0.0,10,1,-1,-1,0.6,0.6,0.2,0.8,0.4,0,0.0,0.0,5,5,198.1,9,0,0.0,0.2,Malcolm Hill,27,3,1.0,0.6,0.0,1610612741,0.0,0,220,0
0.0,0.0,15,1,-1,-1,0.333,0.0,0.0,0.333,0.333,0,0.667,0.667,3,3,203.2,9,0,0.0,0.0,Braxton Key,26,3,1.333,0.333,0.0,1610612765,0.0,0,225,0
0.0,0.0,9,1,-1,-1,0.0,0.0,0.0,1.0,0.4,0,0.0,0.0,5,5,195.6,12,0,0.2,0.2,Dereon Seabron,23,1,0.8,0.2,0.0,1610612740,0.0,0,180,0
0.0,0.0,7,1,-1,-1,1.0,1.0,0.0,2.5,1.0,0,0.0,0.0,2,2,198.1,4,0,0.0,0.0,Donovan Williams,21,1,2.0,1.0,0.0,1610612737,0.0,0,190,0
1.333,0.0,12,1,-1,-1,0.667,0.667,0.167,1.667,0.167,0,0.0,0.0,6,6,185.4,53,1,1.0,1.5,Devon Dotson,23,1,0.5,1.667,0.833,1610612764,0.5,0,185,0
7.0,0.0,2,1,-1,-1,4.0,3.0,1.0,3.0,1.0,0,0.0,0.0,1,1,175.3,41,0,0.0,3.0,Jacob Gilyard,24,1,3.0,4.0,3.0,1610612763,2.0,0,160,0
0.5,0.0,12,1,-1,-1,0.0,0.5,0.5,1.0,0.5,0,0.0,0.0,2,2,198.1,6,0,0.0,0.5,Jordan Schakel,25,1,1.5,0.0,0.5,1610612764,0.0,0,200,0
0.0,0.0,5,1,42,2,0.667,1.333,0.333,1.333,0.333,0,0.0,0.0,3,3,193.0,8,0,0.0,0.0,Trevor Keels,19,1,1.0,0.667,0.0,1610612752,0.0,0,221,0
0.5,0.0,3,3,-1,-1,0.0,0.0,0.0,1.0,0.5,0,1.0,0.0,2,2,195.6,8,0,1.0,1.0,Chima Moneke,27,3,1.0,1.0,0.0,1610612758,1.0,0,223,0
0.0,0.0,11,3,-1,-1,0.0,0.0,0.0,1.0,1.0,0,0.0,0.0,1,0,203.2,3,1,0.0,2.0,Chris Silva,25,3,2.0,0.0,0.0,1610612742,1.0,0,234,3
0.0,1.0,15,1,-1,-1,0.0,1.0,0.0,1.0,0.0,0,2.0,2.0,1,1,198.1,2,0,0.0,0.0,Stanley Umude,24,1,2.0,0.0,1.0,1610612765,0.0,0,210,0
0.0,0.0,6,1,-1,-1,1.0,0.0,0.0,0.0,0.0,0,0.0,0.0,1,1,193.0,5,0,0.0,1.0,Alondes Williams,24,1,0.0,1.0,0.0,1610612751,2.0,0,210,0
0.0,0.0,3,1,-1,-1,0.0,0.5,0.0,1.0,0.0,0,0.0,0.0,2,0,193.0,7,0,0.0,0.0,Deonte Burton,26,2,0.0,0.0,0.0,1610612758,0.0,0,240,2
1.0,0.0,12,1,31,2,1.0,1.0,0.0,3.0,0.0,0,0.0,0.0,1,0,190.5,5,1,1.0,0.0,Frank Jackson,24,1,0.0,2.0,0.0,1610612762,0.0,0,205,4
0.0,0.0,3,1,-1,-1,0.0,0.0,0.0,0.0,0.0,0,0.0,0.0,1,1,203.2,1,0,0.0,0.0,Michael Foster Jr.,20,3,0.0,0.0,0.0,1610612755,0.0,0,250,0
0.5,0.0,7,1,46,2,1.25,0.5,0.0,1.0,0.0,0,0.0,0.0,4,0,195.6,24,1,0.75,1.0,Sterling Brown,27,2,0.0,2.0,0.75,1610612747,0.0,0,219,5
